Datum von;Datum bis;Nettoexport [MWh] Berechnete Auflösungen;Niederlande (Export) [MWh] Berechnete Auflösungen;Niederlande (Import) [MWh] Berechnete Auflösungen;Schweiz (Export) [MWh] Berechnete Auflösungen;Schweiz (Import) [MWh] Berechnete Auflösungen;Dänemark (Export) [MWh] Berechnete Auflösungen;Dänemark (Import) [MWh] Berechnete Auflösungen;Tschechien (Export) [MWh] Berechnete Auflösungen;Tschechien (Import) [MWh] Berechnete Auflösungen;Luxemburg (Export) [MWh] Berechnete Auflösungen;Luxemburg (Import) [MWh] Berechnete Auflösungen;Schweden (Export) [MWh] Berechnete Auflösungen;Schweden (Import) [MWh] Berechnete Auflösungen;Österreich (Export) [MWh] Berechnete Auflösungen;Österreich (Import) [MWh] Berechnete Auflösungen;Frankreich (Export) [MWh] Berechnete Auflösungen;Frankreich (Import) [MWh] Berechnete Auflösungen;Polen (Export) [MWh] Berechnete Auflösungen;Polen (Import) [MWh] Berechnete Auflösungen;Norwegen (Export) [MWh] Berechnete Auflösungen;Norwegen (Import) [MWh] Berechnete Auflösungen;Belgien (Export) [MWh] Berechnete Auflösungen;Belgien (Import) [MWh] Berechnete Auflösungen
01.01.2019;01.02.2019;-;876.341,00;-80.756,00;733.321,00;-42.846,00;760.895,00;-499.622,00;805.788,00;-433.860,00;378.907,00;0,00;54.254,00;-83.698,00;2.411.084,00;-13.297,00;2.574.351,00;-64.918,00;129.630,00;-82.079,00;-;-;-;-
01.02.2019;01.03.2019;-;878.532,00;-108.943,00;714.124,00;-37.230,00;527.498,00;-532.928,00;585.642,00;-612.821,00;343.710,00;0,00;55.536,00;-103.099,00;2.137.681,00;-5.595,00;1.525.248,00;-192.264,00;141.733,00;-38.414,00;-;-;-;-
01.03.2019;01.04.2019;-;871.116,00;-96.884,00;522.961,00;-112.012,00;861.604,00;-388.280,00;745.165,00;-567.003,00;353.741,00;0,00;55.775,00;-89.698,00;1.980.358,00;-9.797,00;1.359.609,00;-340.679,00;214.022,00;-5.020,00;-;-;-;-
01.04.2019;01.05.2019;-;1.091.702,00;-106.472,00;491.796,00;-406.937,00;782.318,00;-448.131,00;895.045,00;-593.280,00;335.968,00;0,00;68.990,00;-110.527,00;1.165.448,00;-122.115,00;793.888,00;-490.935,00;234.309,00;-9.421,00;-;-;-;-
01.05.2019;01.06.2019;-;644.029,00;-495.455,00;275.008,00;-598.844,00;604.539,00;-559.493,00;240.204,00;-331.162,00;346.161,00;0,00;21.810,00;-114.228,00;1.123.716,00;-163.784,00;161.831,00;-1.214.037,00;121.940,00;-2.421,00;-;-;-;-
01.06.2019;01.07.2019;-;763.999,00;-253.583,00;133.423,00;-1.049.034,00;290.943,00;-785.160,00;694.421,00;-595.549,00;344.098,00;0,00;13.344,00;-234.139,00;839.583,00;-177.233,00;123.936,00;-1.195.265,00;261.495,00;-4.630,00;-;-;-;-
01.07.2019;01.08.2019;-;519.816,00;-479.571,00;153.845,00;-1.206.569,00;346.781,00;-729.614,00;768.218,00;-335.212,00;358.442,00;-2.096,00;19.231,00;-221.885,00;1.627.117,00;-37.132,00;241.848,00;-1.020.318,00;265.720,00;-6.963,00;-;-;-;-
01.08.2019;01.09.2019;-;272.046,00;-568.347,00;95.004,00;-1.346.842,00;805.892,00;-199.987,00;672.390,00;-473.761,00;337.206,00;-3.027,00;94.442,00;-86.108,00;1.399.446,00;-45.629,00;154.710,00;-1.574.942,00;229.258,00;-3.738,00;-;-;-;-
01.09.2019;01.10.2019;-;252.099,00;-719.864,00;412.183,00;-496.468,00;492.707,00;-565.566,00;499.394,00;-295.977,00;344.995,00;0,00;44.630,00;-97.692,00;2.036.166,00;-23.130,00;273.516,00;-964.809,00;204.703,00;-5.585,00;-;-;-;-
01.10.2019;01.11.2019;-;427.417,00;-437.503,00;563.908,00;-173.528,00;831.736,00;-324.287,00;549.431,00;-441.028,00;360.580,00;0,00;29.373,00;-18.358,00;2.412.621,00;-12.222,00;656.296,00;-456.830,00;256.673,00;-4.283,00;-;-;-;-
01.11.2019;01.12.2019;-;535.091,00;-215.791,00;653.821,00;-92.248,00;775.049,00;-367.174,00;532.679,00;-585.124,00;357.897,00;0,00;71.326,00;-65.998,00;1.099.364,00;-132.047,00;1.591.258,00;-319.404,00;287.938,00;-23.951,00;-;-;-;-
01.12.2019;01.01.2020;-;589.645,00;-138.689,00;460.010,00;-193.397,00;844.347,00;-605.333,00;616.281,00;-398.222,00;333.736,00;0,00;54.872,00;-103.246,00;2.199.808,00;-72.114,00;1.248.295,00;-444.058,00;218.287,00;-44.271,00;-;-;-;-
01.01.2020;01.02.2020;-;409.976,00;-416.353,00;527.815,00;-40.122,00;119.033,00;-1.114.494,00;949.150,00;-176.868,00;353.359,00;0,00;1.917,00;-386.705,00;2.996.430,00;-1.663,00;1.243.716,00;-260.765,00;147.425,00;-112.775,00;-;-;-;-
01.02.2020;01.03.2020;-;385.470,00;-322.903,00;459.805,00;-137.792,00;457.673,00;-901.522,00;675.534,00;-160.946,00;315.606,00;-690,00;18.648,00;-222.351,00;2.693.561,00;-7.190,00;804.089,00;-515.305,00;145.201,00;-17.281,00;-;-;-;-
01.03.2020;01.04.2020;-;454.154,00;-431.090,00;355.684,00;-335.872,00;319.525,00;-986.809,00;864.360,00;-300.383,00;312.552,00;0,00;10.933,00;-291.367,00;2.030.521,00;-45.529,00;730.749,00;-762.817,00;308.677,00;-52.373,00;-;-;-;-
01.04.2020;01.05.2020;-;354.796,00;-460.198,00;138.664,00;-1.125.544,00;291.506,00;-945.868,00;916.480,00;-412.071,00;258.719,00;0,00;20.830,00;-226.224,00;1.434.096,00;-97.110,00;260.708,00;-1.280.167,00;318.477,00;-43.623,00;-;-;-;-
01.05.2020;01.06.2020;-;309.626,00;-1.033.428,00;95.704,00;-1.320.236,00;354.217,00;-822.421,00;697.530,00;-484.817,00;288.409,00;0,00;511,00;-24.625,00;1.083.500,00;-195.504,00;124.011,00;-1.513.265,00;417.225,00;-30.997,00;-;-;-;-
01.06.2020;01.07.2020;-;407.544,00;-392.467,00;160.273,00;-1.132.825,00;652.324,00;-327.424,00;645.469,00;-601.400,00;301.894,00;0,00;80.788,00;-201.852,00;637.190,00;-539.168,00;339.549,00;-704.292,00;466.780,00;-29.646,00;-;-;-;-
01.07.2020;01.08.2020;-;266.065,00;-1.482.155,00;491.271,00;-348.930,00;152.135,00;-1.131.734,00;811.834,00;-349.229,00;317.205,00;0,00;131,00;-227.764,00;1.115.603,00;-267.595,00;512.057,00;-522.301,00;385.915,00;-45.698,00;-;-;-;-
01.08.2020;01.09.2020;-;334.505,00;-854.445,00;412.710,00;-729.687,00;548.411,00;-480.605,00;632.310,00;-602.655,00;306.899,00;0,00;104.859,00;-61.231,00;1.008.994,00;-279.739,00;587.702,00;-504.824,00;391.371,00;-17.031,00;-;-;-;-
01.09.2020;01.10.2020;-;454.277,00;-681.370,00;510.293,00;-478.804,00;188.976,00;-734.254,00;628.633,00;-604.487,00;326.885,00;0,00;26.048,00;-142.388,00;929.259,00;-315.055,00;953.020,00;-256.270,00;324.240,00;-87.305,00;-;-;-;-
01.10.2020;01.11.2020;-;577.736,00;-164.176,00;487.676,00;-120.597,00;162.887,00;-884.087,00;728.204,00;-320.587,00;336.784,00;0,00;14.729,00;-296.909,00;1.693.953,00;-87.730,00;1.089.359,00;-245.803,00;316.940,00;-33.436,00;0,00;0,00;-;-
01.11.2020;01.12.2020;-;663.997,00;-267.768,00;470.973,00;-257.706,00;126.612,00;-818.154,00;492.723,00;-357.881,00;336.587,00;0,00;82.529,00;-182.473,00;2.292.729,00;-13.976,00;931.534,00;-396.346,00;175.634,00;-34.624,00;0,00;0,00;-;-
01.12.2020;01.01.2021;3.260.895,25;620.254,00;-333.759,00;658.504,00;-79.372,00;204.699,00;-1.371.840,00;464.021,00;-364.939,00;332.266,00;0,00;37.580,00;-276.875,00;2.458.308,00;-52.566,00;1.219.452,00;-237.036,00;137.053,00;-112.184,00;37.004,00;-199.774,00;245.404,75;-125.305,50
01.01.2021;01.02.2021;3.351.904,50;661.500,00;-231.799,00;693.264,00;-68.366,00;459.583,00;-1.234.312,00;325.028,00;-673.050,00;353.807,00;0,00;29.447,00;-204.512,00;1.774.647,00;-94.534,00;1.862.958,00;-254.115,00;75.560,00;-199.079,00;55.833,00;-302.740,00;473.917,75;-151.133,25
01.02.2021;01.03.2021;2.051.205,25;304.702,00;-610.980,00;597.629,00;-68.275,00;612.760,00;-692.948,00;435.773,00;-358.512,00;318.833,00;0,00;99.487,00;-79.018,00;1.776.295,00;-67.131,00;572.649,00;-773.758,00;200.721,00;-100.062,00;129.481,00;-163.093,00;228.625,75;-311.973,50
01.03.2021;01.04.2021;1.972.222,00;296.982,00;-911.669,00;766.133,00;-74.669,00;376.741,00;-1.441.372,00;456.506,00;-324.783,00;347.247,00;0,00;29.849,00;-171.863,00;2.269.989,00;-6.541,00;948.442,00;-487.631,00;203.264,00;-91.982,00;129.274,00;-279.297,00;240.902,25;-303.300,25
01.04.2021;01.05.2021;2.039.848,75;183.271,00;-556.194,00;575.395,00;-65.006,00;231.719,00;-1.515.703,00;863.532,00;-221.088,00;323.332,00;0,00;9.530,00;-329.395,00;1.856.939,00;-47.555,00;1.224.214,00;-228.075,00;141.167,00;-182.970,00;99.128,00;-435.642,00;325.712,50;-212.462,75
01.05.2021;01.06.2021;-254.833,25;346.662,00;-462.445,00;342.485,00;-509.097,00;594.160,00;-925.628,00;664.039,00;-374.182,00;303.021,00;0,00;39.386,00;-202.795,00;825.727,00;-449.877,00;492.735,00;-725.597,00;197.791,00;-185.527,00;187.901,00;-430.792,00;203.904,00;-186.704,25
01.06.2021;01.07.2021;-850.847,75;593.872,00;-304.573,00;234.951,00;-764.351,00;288.416,00;-717.156,00;559.826,00;-454.838,00;309.563,00;0,00;14.023,00;-69.547,00;702.425,00;-251.540,00;323.529,00;-750.174,00;222.338,00;-246.542,00;37.274,00;-506.766,00;218.507,00;-290.084,75
01.07.2021;01.08.2021;-1.162.822,50;476.212,00;-476.028,00;139.870,00;-1.138.537,00;303.179,00;-878.037,00;508.713,00;-453.947,00;310.173,00;0,00;7.318,00;-143.085,00;1.254.074,00;-92.335,00;284.392,00;-666.998,00;342.743,00;-341.344,00;40.427,00;-495.195,00;184.094,00;-328.511,50
01.08.2021;01.09.2021;101.988,75;785.578,00;-152.477,00;241.613,00;-780.857,00;489.528,00;-688.768,00;507.068,00;-491.901,00;297.210,00;0,00;18.780,00;-44.226,00;864.214,00;-237.905,00;293.607,00;-578.736,00;272.608,00;-413.373,00;116.035,00;-336.392,00;118.098,75;-177.716,00
01.09.2021;01.10.2021;1.921.617,50;1.011.472,00;-177.254,00;705.826,00;-342.845,00;229.704,00;-860.684,00;427.719,00;-600.721,00;327.404,00;0,00;4.344,00;-135.458,00;1.579.600,00;-67.657,00;702.989,00;-239.419,00;81.057,00;-580.118,00;28.134,00;-405.710,00;369.298,25;-136.063,75
01.10.2021;01.11.2021;2.417.872,25;606.808,00;-199.803,00;718.559,00;-86.462,00;127.210,00;-1.412.720,00;300.560,00;-583.492,00;340.740,00;0,00;1.140,00;-310.595,00;2.555.289,00;-16.049,00;1.166.442,00;-232.786,00;50.473,00;-518.531,00;143.376,00;-338.651,00;298.157,00;-191.792,75
01.11.2021;01.12.2021;2.481.551,25;513.486,00;-306.121,00;729.465,00;-123.460,00;111.788,00;-1.520.445,00;309.182,00;-503.576,00;358.337,00;0,00;4.576,00;-352.668,00;2.183.678,00;-20.947,00;1.889.736,00;-103.671,00;10.915,00;-513.598,00;66.750,00;-401.360,00;363.869,75;-214.385,50
01.12.2021;01.01.2022;3.733.998,00;572.110,00;-337.205,00;613.787,00;-135.333,00;349.780,00;-1.289.652,00;335.287,00;-427.634,00;349.281,00;0,00;23.989,00;-219.976,00;2.192.616,00;-31.616,00;1.895.084,00;-131.871,00;121.518,00;-304.982,00;264.674,00;-362.224,00;441.803,50;-186.493,00
01.01.2022;01.02.2022;4.049.471,00;597.693,00;-321.884,00;636.232,00;-136.983,00;207.676,00;-1.026.360,00;528.068,00;-391.381,00;368.297,00;0,00;7.373,00;-297.073,00;2.223.161,00;-38.043,00;2.077.933,00;-98.550,00;83.429,00;-323.932,00;243.383,00;-523.887,00;411.917,50;-177.598,50
01.02.2022;01.03.2022;5.565.287,50;624.782,00;-76.772,00;564.206,00;-243.830,00;270.626,00;-1.176.359,00;622.647,00;-148.391,00;317.831,00;0,00;14.977,00;-246.484,00;2.734.185,00;-550,00;1.957.840,00;-26.196,00;41.281,00;-158.386,00;293.896,00;-260.722,00;544.351,25;-83.644,75
01.03.2022;01.04.2022;2.859.390,75;567.322,00;-308.784,00;928.680,00;-103.157,00;205.364,00;-1.732.960,00;431.500,00;-462.369,00;355.027,00;0,00;4.387,00;-383.500,00;1.904.520,00;-28.970,00;2.247.106,00;-79.334,00;49.138,00;-435.020,00;161.722,00;-685.797,00;420.434,50;-195.918,75
01.04.2022;01.05.2022;3.096.928,50;601.471,00;-337.930,00;690.844,00;-112.154,00;516.272,00;-921.249,00;840.301,00;-319.248,00;306.739,00;0,00;13.944,00;-237.187,00;1.405.005,00;-104.510,00;1.338.482,00;-273.534,00;106.140,00;-413.848,00;329.106,00;-362.358,00;281.600,75;-250.958,25
01.05.2022;01.06.2022;247.632,50;462.674,00;-593.985,00;570.918,00;-260.777,00;267.221,00;-1.168.984,00;754.268,00;-390.772,00;317.116,00;0,00;10.509,00;-268.387,00;1.122.955,00;-99.956,00;698.097,00;-493.500,00;138.509,00;-363.115,00;131.051,00;-516.506,00;176.028,75;-245.732,25
01.06.2022;01.07.2022;301.619,00;387.899,00;-948.727,00;874.901,00;-110.519,00;313.896,00;-1.124.689,00;281.561,00;-304.471,00;307.205,00;0,00;2.548,00;-204.690,00;877.039,00;-74.220,00;882.346,00;-214.437,00;210.671,00;-266.331,00;61.951,00;-726.351,00;343.804,00;-267.767,00
01.07.2022;01.08.2022;1.006.985,00;435.176,00;-502.926,00;934.933,00;-68.637,00;150.369,00;-1.772.982,00;248.507,00;-313.303,00;319.028,00;0,00;525,00;-334.801,00;947.042,00;-47.421,00;1.477.872,00;-30.045,00;208.596,00;-247.545,00;81.420,00;-567.177,00;413.448,50;-325.094,50
01.08.2022;01.09.2022;275.669,75;355.714,00;-642.290,00;816.439,00;-182.186,00;188.429,00;-1.013.838,00;175.055,00;-310.680,00;311.751,00;0,00;0,00;-331.086,00;789.866,00;-84.356,00;1.163.957,00;-260.708,00;129.312,00;-253.419,00;83.888,00;-451.369,00;230.129,75;-438.939,00
01.09.2022;01.10.2022;1.918.172,25;293.390,00;-535.334,00;717.374,00;-128.562,00;480.099,00;-757.606,00;188.303,00;-274.629,00;315.914,00;0,00;6.289,00;-284.361,00;856.071,00;-67.154,00;1.286.681,00;-96.934,00;160.638,00;-158.222,00;221.545,00;-226.602,00;293.119,50;-371.847,25
01.10.2022;01.11.2022;988.446,25;381.288,00;-893.835,00;530.894,00;-299.303,00;379.527,00;-1.046.856,00;430.522,00;-114.364,00;322.473,00;0,00;5.425,00;-276.837,00;1.237.284,00;-28.222,00;1.014.192,00;-475.889,00;320.954,00;-71.092,00;108.846,00;-481.836,00;323.378,25;-378.143,25
01.11.2022;01.12.2022;2.752.055,50;398.828,00;-509.628,00;720.682,00;-15.367,00;174.184,00;-1.527.658,00;499.373,00;-125.896,00;314.328,00;0,00;4.280,00;-273.062,00;1.546.461,00;-11.118,00;1.482.392,00;-114.315,00;396.493,00;-66.284,00;23.536,00;-582.842,00;758.678,75;-341.010,25
01.12.2022;01.01.2023;3.785.703,00;573.958,00;-378.066,00;731.130,00;-103.156,00;746.932,00;-919.312,00;185.809,00;-381.098,00;333.226,00;0,00;25.911,00;-101.400,00;1.088.296,00;-109.964,00;2.024.379,00;-168.789,00;201.837,00;-246.824,00;267.606,00;-355.254,00;565.192,75;-194.710,75
01.01.2023;01.02.2023;3.960.292,86;700.620,30;-401.362,15;675.644,51;-99.919,97;596.548,30;-1.153.219,50;451.950,70;-257.567,90;334.569,61;0,00;48.161,40;-260.019,70;1.425.455,72;-40.303,63;1.655.617,40;-414.057,70;356.616,90;-223.973,40;348.335,00;-419.909,00;978.846,38;-341.740,40
01.02.2023;01.03.2023;2.797.387,17;528.698,10;-355.426,25;694.093,92;-52.621,38;225.406,70;-1.479.656,40;381.334,80;-200.598,70;313.406,11;0,00;1.697,10;-291.644,90;1.121.182,62;-45.391,42;2.120.796,85;-63.770,05;296.696,10;-167.782,40;85.889,00;-578.006,00;474.367,75;-211.284,38
01.03.2023;01.04.2023;2.068.380,55;578.565,50;-471.018,20;636.790,28;-90.151,48;435.394,80;-1.177.135,30;401.835,00;-250.195,60;315.436,62;0,00;31.017,20;-256.287,50;920.272,86;-124.839,43;1.415.227,80;-414.329,75;348.705,80;-258.094,40;267.851,00;-429.244,00;512.972,32;-324.392,97
01.04.2023;01.05.2023;-407.107,58;502.937,55;-559.241,05;663.938,77;-83.482,02;316.506,50;-1.516.427,40;320.122,20;-423.768,80;289.258,49;0,00;16.433,80;-356.928,20;540.332,87;-279.601,87;865.905,70;-439.628,15;261.007,00;-297.329,00;179.938,00;-547.676,00;451.113,58;-310.519,55
01.05.2023;01.06.2023;-3.544.842,29;431.216,90;-899.655,85;394.397,97;-675.865,78;270.068,00;-1.338.156,60;293.323,60;-318.684,60;272.729,24;0,00;22.952,00;-244.593,80;272.223,76;-386.574,80;147.311,25;-1.142.666,00;248.342,10;-316.554,90;111.388,00;-550.173,00;190.935,18;-326.804,95
01.06.2023;01.07.2023;-4.035.749,13;341.465,70;-948.455,10;209.288,50;-1.210.901,74;307.356,20;-1.189.075,80;253.934,50;-373.300,20;280.539,32;0,00;19.554,90;-128.096,20;241.943,48;-480.672,24;230.685,50;-933.660,95;267.322,40;-187.116,50;86.515,00;-583.503,00;274.452,95;-514.025,85
01.07.2023;01.08.2023;-3.367.058,07;263.267,90;-959.801,20;249.542,75;-953.404,24;333.925,70;-1.812.828,30;284.623,40;-311.719,60;283.735,46;0,00;34.662,90;-350.455,50;558.268,52;-236.517,71;567.835,00;-693.407,65;285.578,90;-124.235,40;113.631,00;-644.774,00;250.452,98;-505.438,98
01.08.2023;01.09.2023;-5.846.355,91;277.507,55;-1.142.928,35;190.840,02;-1.170.102,24;239.031,10;-1.632.598,00;187.976,30;-577.131,70;268.732,57;0,00;9.967,60;-351.176,00;264.067,31;-569.809,80;285.444,45;-954.023,40;203.528,90;-379.872,80;58.055,00;-787.878,00;203.524,80;-469.511,22
01.09.2023;01.10.2023;-4.537.162,75;301.282,20;-719.977,45;206.010,96;-969.664,74;206.130,80;-1.428.502,60;221.228,00;-497.358,20;286.666,34;0,00;5.840,60;-259.335,60;405.082,89;-393.494,73;163.836,85;-1.017.620,75;207.600,60;-336.201,50;18.300,00;-700.287,00;246.412,60;-483.112,02
01.10.2023;01.11.2023;-1.455.331,22;456.568,40;-631.679,05;431.552,17;-415.023,07;248.021,60;-1.262.615,60;357.657,80;-254.432,60;301.539,73;-3.877,69;14.223,20;-401.250,20;1.191.764,07;-67.050,16;373.449,70;-1.256.144,65;342.134,80;-265.552,70;81.131,00;-723.051,00;445.123,87;-417.820,85
01.11.2023;01.12.2023;56.388,03;764.360,45;-351.887,00;430.440,64;-289.892,87;545.820,80;-888.197,90;322.097,20;-374.402,80;305.110,57;0,00;17.938,10;-256.220,30;747.578,23;-233.971,54;454.865,60;-1.036.092,45;306.474,10;-298.907,50;204.301,00;-369.566,00;463.128,03;-406.588,32
01.12.2023;01.01.2024;2.577.198,27;575.412,95;-421.635,55;494.126,19;-286.004,97;1.087.021,10;-653.363,40;518.317,50;-265.704,00;311.945,77;0,00;147.492,60;-104.766,70;1.167.460,72;-167.836,49;636.847,90;-977.263,25;445.723,20;-192.408,80;431.587,00;-207.775,00;454.601,82;-416.580,32
01.01.2024;01.02.2024;1.333.019,40;552.506,60;-686.883,25;407.749,37;-365.207,27;902.675,60;-1.138.929,70;564.066,70;-202.587,80;344.225,19;0,00;87.625,90;-150.415,70;1.020.100,27;-151.129,51;697.119,85;-857.169,65;555.963,50;-128.656,60;259.351,00;-428.038,00;492.308,93;-441.656,03
01.02.2024;01.03.2024;-125.743,86;490.758,50;-601.108,80;371.581,71;-396.539,62;562.547,00;-1.280.975,60;532.820,40;-190.241,00;288.950,43;0,00;11.789,60;-194.168,90;997.742,72;-90.857,45;396.287,95;-1.135.351,25;525.301,60;-113.984,00;181.149,00;-437.558,00;389.316,10;-433.204,25
01.03.2024;01.04.2024;-2.102.867,93;490.087,45;-694.569,95;468.312,84;-331.793,20;516.289,20;-1.575.192,70;356.752,50;-292.517,00;302.914,24;0,00;31.754,30;-224.682,50;738.678,28;-198.666,74;177.016,80;-1.371.723,15;382.523,30;-243.030,40;170.357,00;-601.351,00;306.094,85;-510.122,05
01.04.2024;01.05.2024;-2.596.588,61;448.394,95;-790.298,20;211.853,61;-927.901,53;545.770,90;-1.158.180,00;404.718,30;-276.848,30;271.781,15;0,00;63.061,80;-171.983,30;499.621,13;-281.402,57;144.107,80;-1.070.425,75;385.232,40;-228.796,30;176.082,00;-604.785,00;146.605,55;-383.197,25
01.05.2024;01.06.2024;-3.753.556,00;641.178,45;-636.001,65;128.835,51;-1.097.915,73;540.735,20;-1.551.370,70;503.025,80;-254.295,70;285.933,89;0,00;42.331,50;-326.406,80;505.078,65;-262.851,02;113.960,25;-1.696.583,75;505.426,40;-220.458,70;108.635,00;-697.254,00;259.418,00;-644.976,60
01.06.2024;01.07.2024;-3.764.039,20;470.806,40;-811.566,95;51.727,10;-1.042.877,91;581.298,10;-1.525.446,60;532.366,90;-179.614,00;271.815,88;0,00;42.635,40;-217.628,50;512.244,48;-189.653,02;58.834,14;-1.793.559,34;600.060,20;-135.360,40;134.661,00;-675.141,00;185.619,65;-635.260,72
01.07.2024;01.08.2024;-4.488.963,41;484.904,45;-813.999,05;30.400,70;-1.717.960,24;545.522,50;-1.660.635,30;501.399,93;-216.223,70;287.467,72;0,00;39.112,00;-293.372,00;629.140,48;-107.820,29;69.491,45;-1.841.797,38;598.017,80;-107.580,00;157.527,00;-692.236,00;251.667,47;-631.990,95
01.08.2024;01.09.2024;-4.388.005,13;450.589,95;-1.102.964,05;106.141,54;-1.398.156,31;457.337,80;-1.732.033,50;487.716,60;-208.451,87;265.899,01;0,00;19.745,00;-293.413,00;800.002,86;-80.920,88;150.744,88;-1.644.809,94;521.647,70;-163.177,80;102.393,00;-714.700,00;210.188,13;-621.784,25
01.09.2024;01.10.2024;-2.806.204,88;613.890,85;-535.810,65;213.923,44;-892.098,82;590.305,70;-1.454.292,10;318.966,67;-324.071,90;263.639,57;0,00;9.680,00;-108.439,00;679.040,66;-148.521,27;146.445,91;-1.480.389,49;347.990,10;-263.518,60;96.447,00;-519.481,00;222.336,80;-582.248,75
01.10.2024;01.11.2024;-3.797.097,67;873.581,45;-383.900,50;168.076,31;-1.114.224,54;359.230,30;-1.555.775,90;306.509,32;-367.166,48;311.155,72;0,00;9.508,00;-287.583,00;325.700,17;-365.222,90;68.732,34;-1.354.941,49;451.368,70;-291.583,20;64.313,00;-642.548,00;239.261,50;-611.588,47
01.11.2024;01.12.2024;-1.487.584,46;442.447,55;-1.009.944,95;432.700,59;-505.762,20;345.808,60;-1.546.908,40;586.602,40;-247.943,32;330.884,45;0,00;20.958,00;-332.809,00;1.166.122,74;-130.521,77;317.490,17;-960.632,92;501.256,10;-240.734,60;55.884,00;-656.451,00;401.607,03;-457.637,93
01.12.2024;01.01.2025;-349.752,56;405.746,25;-771.748,40;471.920,98;-374.230,93;254.144,60;-1.975.185,60;673.261,68;-207.476,17;318.837,36;0,00;8.326,00;-391.790,00;1.612.239,36;-82.492,96;741.141,10;-772.903,55;498.273,70;-230.763,70;48.990,00;-688.643,00;453.514,57;-340.913,85
01.01.2025;01.02.2025;-516.328,59;507.273,25;-809.087,45;538.904,07;-324.021,43;435.423,70;-1.802.362,50;600.652,95;-176.507,55;345.389,10;0,00;17.438,00;-338.689,00;1.620.238,93;-49.949,07;452.891,95;-1.004.578,08;410.564,90;-304.955,30;80.757,00;-745.684,00;447.875,90;-417.903,95
01.02.2025;01.03.2025;-1.505.560,52;293.906,45;-1.357.334,05;620.888,62;-258.344,59;230.834,60;-1.824.993,70;545.347,02;-199.153,55;334.289,55;0,00;1.843,00;-257.603,00;1.359.350,55;-50.313,18;481.472,16;-834.135,06;504.237,90;-263.444,50;12.197,00;-817.659,00;374.918,40;-401.865,15
01.03.2025;01.04.2025;-1.992.665,08;372.992,75;-1.281.576,85;780.431,37;-175.907,45;431.235,52;-1.906.988,90;403.286,37;-315.267,00;304.035,13;0,00;39.212,00;-265.244,00;1.024.887,18;-98.117,53;317.794,77;-813.353,00;351.809,38;-335.792,35;40.878,50;-595.481,00;230.824,45;-502.324,42
01.04.2025;01.05.2025;-2.561.245,81;415.928,15;-787.856,93;421.552,71;-578.614,52;734.550,22;-1.479.606,80;324.723,67;-408.142,73;263.055,00;0,00;49.486,00;-306.977,00;592.693,40;-258.162,84;160.130,33;-923.100,37;297.476,18;-424.048,35;119.264,00;-602.044,25;133.348,47;-304.900,18
01.05.2025;01.06.2025;-1.859.347,19;405.486,65;-999.239,15;215.091,91;-1.016.162,18;776.816,05;-1.310.520,82;566.852,78;-233.161,93;253.360,26;0,00;77.932,00;-207.457,00;837.477,15;-103.711,10;113.004,57;-1.055.589,84;568.261,32;-213.781,70;204.919,00;-571.555,00;219.815,78;-387.185,95
01.06.2025;01.07.2025;-1.152.432,91;435.678,50;-713.626,90;250.325,22;-1.066.208,91;848.573,32;-1.408.698,98;559.870,15;-125.512,98;247.326,31;0,00;64.902,00;-252.116,00;716.124,42;-97.334,34;337.331,65;-897.922,48;416.840,05;-211.957,75;207.690,75;-479.002,25;466.476,13;-451.190,82
01.07.2025;01.08.2025;-3.061.159,14;354.200,20;-1.142.532,70;304.671,08;-864.062,78;502.774,05;-1.493.164,12;528.544,88;-248.772,10;283.084,51;0,00;17.989,00;-379.734,00;913.746,37;-109.402,16;144.854,94;-1.357.383,40;514.335,05;-238.038,40;85.891,75;-639.141,50;323.260,48;-562.280,28
01.08.2025;01.09.2025;-3.379.186,93;353.243,05;-1.239.532,65;267.950,69;-819.529,97;836.420,43;-1.225.391,53;325.480,43;-432.315,43;237.840,87;0,00;68.813,00;-209.368,00;510.962,64;-243.306,99;149.585,25;-1.299.458,22;468.872,43;-359.553,08;171.148,25;-583.350,25;294.361,55;-652.059,40
01.09.2025;01.10.2025;-1.880.876,49;409.933,45;-1.103.234,25;421.643,24;-545.686,59;619.702,88;-1.384.134,58;613.515,92;-158.721,20;265.561,71;0,00;55.868,00;-249.601,00;1.038.552,87;-84.364,52;110.832,10;-1.230.522,37;620.970,15;-158.062,07;69.776,25;-668.013,00;172.431,25;-697.324,73
01.10.2025;01.11.2025;-110.669,86;539.517,22;-701.573,52;526.932,65;-391.863,60;849.427,67;-1.506.396,38;712.972,40;-155.486,38;310.083,61;0,00;42.297,00;-136.431,75;1.331.494,49;-82.198,07;105.895,87;-1.066.138,32;621.333,45;-153.161,83;89.428,00;-764.016,25;296.693,70;-579.479,85
01.11.2025;01.12.2025;-2.475.209,70;243.148,73;-1.442.965,70;581.708,05;-259.049,76;334.009,60;-1.975.491,17;739.579,42;-101.626,18;322.274,17;0,00;10.363,75;-116.754,25;1.585.727,17;-31.708,01;4.452,45;-1.646.970,27;692.093,20;-76.009,43;32.026,00;-837.773,50;151.561,25;-683.805,23
01.12.2025;01.01.2026;-1.428.306,93;362.461,10;-1.513.065,70;630.941,37;-161.586,73;445.455,07;-2.098.089,12;931.347,93;-97.814,67;319.453,54;0,00;1.189,25;-138.780,50;1.920.233,03;-18.355,79;91.656,42;-1.561.037,13;789.265,37;-88.060,30;59.397,50;-886.499,00;222.711,05;-639.129,62
