datum_von,datum_bis,energietraeger,erzeugung_mwh,jahr,monat
2019-01-01,2019-02-01,Biomasse,3550046.75,2019,1
2019-01-01,2019-02-01,Braunkohle,9862384.25,2019,1
2019-01-01,2019-02-01,Erdgas,5740661.5,2019,1
2019-01-01,2019-02-01,Kernenergie,6821064.0,2019,1
2019-01-01,2019-02-01,Photovoltaik,728156.75,2019,1
2019-01-01,2019-02-01,Pumpspeicher,824704.25,2019,1
2019-01-01,2019-02-01,Sonstige Erneuerbare,136702.5,2019,1
2019-01-01,2019-02-01,Sonstige Konventionelle,1222620.5,2019,1
2019-01-01,2019-02-01,Steinkohle,7549348.25,2019,1
2019-01-01,2019-02-01,Wasserkraft,1200910.75,2019,1
2019-01-01,2019-02-01,Wind offshore,2213086.5,2019,1
2019-01-01,2019-02-01,Wind onshore,12522275.25,2019,1
2019-02-01,2019-03-01,Biomasse,3215899.5,2019,2
2019-02-01,2019-03-01,Braunkohle,9835908.5,2019,2
2019-02-01,2019-03-01,Erdgas,4474908.25,2019,2
2019-02-01,2019-03-01,Kernenergie,6196593.0,2019,2
2019-02-01,2019-03-01,Photovoltaik,2184288.25,2019,2
2019-02-01,2019-03-01,Pumpspeicher,655388.5,2019,2
2019-02-01,2019-03-01,Sonstige Erneuerbare,137206.75,2019,2
2019-02-01,2019-03-01,Sonstige Konventionelle,1207127.0,2019,2
2019-02-01,2019-03-01,Steinkohle,5566684.0,2019,2
2019-02-01,2019-03-01,Wasserkraft,1032343.75,2019,2
2019-02-01,2019-03-01,Wind offshore,1938096.25,2019,2
2019-02-01,2019-03-01,Wind onshore,8892392.75,2019,2
2019-03-01,2019-04-01,Biomasse,3481646.5,2019,3
2019-03-01,2019-04-01,Braunkohle,8298238.75,2019,3
2019-03-01,2019-04-01,Erdgas,3647710.75,2019,3
2019-03-01,2019-04-01,Kernenergie,6713072.25,2019,3
2019-03-01,2019-04-01,Photovoltaik,3020968.75,2019,3
2019-03-01,2019-04-01,Pumpspeicher,788373.0,2019,3
2019-03-01,2019-04-01,Sonstige Erneuerbare,145525.5,2019,3
2019-03-01,2019-04-01,Sonstige Konventionelle,1159437.75,2019,3
2019-03-01,2019-04-01,Steinkohle,3119376.25,2019,3
2019-03-01,2019-04-01,Wasserkraft,1384887.5,2019,3
2019-03-01,2019-04-01,Wind offshore,2540870.25,2019,3
2019-03-01,2019-04-01,Wind onshore,13696172.5,2019,3
2019-04-01,2019-05-01,Biomasse,3324551.25,2019,4
2019-04-01,2019-05-01,Braunkohle,9075669.75,2019,4
2019-04-01,2019-05-01,Erdgas,3643917.25,2019,4
2019-04-01,2019-05-01,Kernenergie,5692459.75,2019,4
2019-04-01,2019-05-01,Photovoltaik,5015643.0,2019,4
2019-04-01,2019-05-01,Pumpspeicher,753675.0,2019,4
2019-04-01,2019-05-01,Sonstige Erneuerbare,132009.25,2019,4
2019-04-01,2019-05-01,Sonstige Konventionelle,1029269.25,2019,4
2019-04-01,2019-05-01,Steinkohle,3411070.0,2019,4
2019-04-01,2019-05-01,Wasserkraft,1359297.25,2019,4
2019-04-01,2019-05-01,Wind offshore,1707845.5,2019,4
2019-04-01,2019-05-01,Wind onshore,7284558.75,2019,4
2019-05-01,2019-06-01,Biomasse,3393611.75,2019,5
2019-05-01,2019-06-01,Braunkohle,8654967.0,2019,5
2019-05-01,2019-06-01,Erdgas,3367003.5,2019,5
2019-05-01,2019-06-01,Kernenergie,4610711.25,2019,5
2019-05-01,2019-06-01,Photovoltaik,5019334.0,2019,5
2019-05-01,2019-06-01,Pumpspeicher,650016.25,2019,5
2019-05-01,2019-06-01,Sonstige Erneuerbare,120702.25,2019,5
2019-05-01,2019-06-01,Sonstige Konventionelle,1089072.25,2019,5
2019-05-01,2019-06-01,Steinkohle,3494879.5,2019,5
2019-05-01,2019-06-01,Wasserkraft,1543969.0,2019,5
2019-05-01,2019-06-01,Wind offshore,1789633.75,2019,5
2019-05-01,2019-06-01,Wind onshore,6411664.0,2019,5
2019-06-01,2019-07-01,Biomasse,3167918.0,2019,6
2019-06-01,2019-07-01,Braunkohle,7008983.25,2019,6
2019-06-01,2019-07-01,Erdgas,3681617.5,2019,6
2019-06-01,2019-07-01,Kernenergie,4572589.25,2019,6
2019-06-01,2019-07-01,Photovoltaik,6461965.75,2019,6
2019-06-01,2019-07-01,Pumpspeicher,732094.75,2019,6
2019-06-01,2019-07-01,Sonstige Erneuerbare,95833.25,2019,6
2019-06-01,2019-07-01,Sonstige Konventionelle,861580.75,2019,6
2019-06-01,2019-07-01,Steinkohle,2584863.5,2019,6
2019-06-01,2019-07-01,Wasserkraft,1659191.5,2019,6
2019-06-01,2019-07-01,Wind offshore,1457872.75,2019,6
2019-06-01,2019-07-01,Wind onshore,5099701.0,2019,6
2019-07-01,2019-08-01,Biomasse,3070883.0,2019,7
2019-07-01,2019-08-01,Braunkohle,8156552.75,2019,7
2019-07-01,2019-08-01,Erdgas,4812771.5,2019,7
2019-07-01,2019-08-01,Kernenergie,5439284.75,2019,7
2019-07-01,2019-08-01,Photovoltaik,5742568.25,2019,7
2019-07-01,2019-08-01,Pumpspeicher,627044.75,2019,7
2019-07-01,2019-08-01,Sonstige Erneuerbare,113185.25,2019,7
2019-07-01,2019-08-01,Sonstige Konventionelle,886599.0,2019,7
2019-07-01,2019-08-01,Steinkohle,3258013.0,2019,7
2019-07-01,2019-08-01,Wasserkraft,1686747.0,2019,7
2019-07-01,2019-08-01,Wind offshore,1674580.0,2019,7
2019-07-01,2019-08-01,Wind onshore,4851747.75,2019,7
2019-08-01,2019-09-01,Biomasse,3040474.5,2019,8
2019-08-01,2019-09-01,Braunkohle,7963573.5,2019,8
2019-08-01,2019-09-01,Erdgas,4761704.0,2019,8
2019-08-01,2019-09-01,Kernenergie,5477134.5,2019,8
2019-08-01,2019-09-01,Photovoltaik,5275760.5,2019,8
2019-08-01,2019-09-01,Pumpspeicher,680880.5,2019,8
2019-08-01,2019-09-01,Sonstige Erneuerbare,110827.0,2019,8
2019-08-01,2019-09-01,Sonstige Konventionelle,1114498.5,2019,8
2019-08-01,2019-09-01,Steinkohle,2870519.0,2019,8
2019-08-01,2019-09-01,Wasserkraft,1671588.25,2019,8
2019-08-01,2019-09-01,Wind offshore,1420358.0,2019,8
2019-08-01,2019-09-01,Wind onshore,4480606.25,2019,8
2019-09-01,2019-10-01,Biomasse,2913078.25,2019,9
2019-09-01,2019-10-01,Braunkohle,7732347.25,2019,9
2019-09-01,2019-10-01,Erdgas,4864777.0,2019,9
2019-09-01,2019-10-01,Kernenergie,5786838.25,2019,9
2019-09-01,2019-10-01,Photovoltaik,3904711.25,2019,9
2019-09-01,2019-10-01,Pumpspeicher,627388.0,2019,9
2019-09-01,2019-10-01,Sonstige Erneuerbare,119149.5,2019,9
2019-09-01,2019-10-01,Sonstige Konventionelle,1048792.25,2019,9
2019-09-01,2019-10-01,Steinkohle,2492701.25,2019,9
2019-09-01,2019-10-01,Wasserkraft,1318253.75,2019,9
2019-09-01,2019-10-01,Wind offshore,2052798.0,2019,9
2019-09-01,2019-10-01,Wind onshore,7125740.75,2019,9
2019-10-01,2019-11-01,Biomasse,3363461.0,2019,10
2019-10-01,2019-11-01,Braunkohle,8435242.5,2019,10
2019-10-01,2019-11-01,Erdgas,5829798.75,2019,10
2019-10-01,2019-11-01,Kernenergie,6748427.0,2019,10
2019-10-01,2019-11-01,Photovoltaik,2412895.25,2019,10
2019-10-01,2019-11-01,Pumpspeicher,793108.25,2019,10
2019-10-01,2019-11-01,Sonstige Erneuerbare,138114.25,2019,10
2019-10-01,2019-11-01,Sonstige Konventionelle,1173249.25,2019,10
2019-10-01,2019-11-01,Steinkohle,3768657.5,2019,10
2019-10-01,2019-11-01,Wasserkraft,1266310.0,2019,10
2019-10-01,2019-11-01,Wind offshore,2334587.5,2019,10
2019-10-01,2019-11-01,Wind onshore,9338036.25,2019,10
2019-11-01,2019-12-01,Biomasse,3361656.75,2019,11
2019-11-01,2019-12-01,Braunkohle,10041708.25,2019,11
2019-11-01,2019-12-01,Erdgas,5268347.5,2019,11
2019-11-01,2019-12-01,Kernenergie,6460100.75,2019,11
2019-11-01,2019-12-01,Photovoltaik,1027432.25,2019,11
2019-11-01,2019-12-01,Pumpspeicher,669275.75,2019,11
2019-11-01,2019-12-01,Sonstige Erneuerbare,146075.5,2019,11
2019-11-01,2019-12-01,Sonstige Konventionelle,1164676.25,2019,11
2019-11-01,2019-12-01,Steinkohle,6042079.5,2019,11
2019-11-01,2019-12-01,Wasserkraft,1205944.75,2019,11
2019-11-01,2019-12-01,Wind offshore,2224609.5,2019,11
2019-11-01,2019-12-01,Wind onshore,7854295.0,2019,11
2019-12-01,2020-01-01,Biomasse,3595358.25,2019,12
2019-12-01,2020-01-01,Braunkohle,7663102.25,2019,12
2019-12-01,2020-01-01,Erdgas,4526487.75,2019,12
2019-12-01,2020-01-01,Kernenergie,6523889.5,2019,12
2019-12-01,2020-01-01,Photovoltaik,913235.0,2019,12
2019-12-01,2020-01-01,Pumpspeicher,808947.75,2019,12
2019-12-01,2020-01-01,Sonstige Erneuerbare,162185.0,2019,12
2019-12-01,2020-01-01,Sonstige Konventionelle,1268319.0,2019,12
2019-12-01,2020-01-01,Steinkohle,3657092.75,2019,12
2019-12-01,2020-01-01,Wasserkraft,1141777.25,2019,12
2019-12-01,2020-01-01,Wind offshore,3028489.0,2019,12
2019-12-01,2020-01-01,Wind onshore,12171117.75,2019,12
2020-01-01,2020-02-01,Biomasse,3584790.5,2020,1
2020-01-01,2020-02-01,Braunkohle,7986459.5,2020,1
2020-01-01,2020-02-01,Erdgas,6527666.0,2020,1
2020-01-01,2020-02-01,Kernenergie,5811035.75,2020,1
2020-01-01,2020-02-01,Photovoltaik,1083114.75,2020,1
2020-01-01,2020-02-01,Pumpspeicher,910279.75,2020,1
2020-01-01,2020-02-01,Sonstige Erneuerbare,161969.75,2020,1
2020-01-01,2020-02-01,Sonstige Konventionelle,1244904.75,2020,1
2020-01-01,2020-02-01,Steinkohle,4578941.0,2020,1
2020-01-01,2020-02-01,Wasserkraft,1050255.0,2020,1
2020-01-01,2020-02-01,Wind offshore,3280590.5,2020,1
2020-01-01,2020-02-01,Wind onshore,12634957.0,2020,1
2020-02-01,2020-03-01,Biomasse,3323290.75,2020,2
2020-02-01,2020-03-01,Braunkohle,5044713.75,2020,2
2020-02-01,2020-03-01,Erdgas,4726412.0,2020,2
2020-02-01,2020-03-01,Kernenergie,5164492.75,2020,2
2020-02-01,2020-03-01,Photovoltaik,1679636.5,2020,2
2020-02-01,2020-03-01,Pumpspeicher,922133.0,2020,2
2020-02-01,2020-03-01,Sonstige Erneuerbare,145201.5,2020,2
2020-02-01,2020-03-01,Sonstige Konventionelle,1000589.25,2020,2
2020-02-01,2020-03-01,Steinkohle,2356824.25,2020,2
2020-02-01,2020-03-01,Wasserkraft,1246883.25,2020,2
2020-02-01,2020-03-01,Wind offshore,2995582.25,2020,2
2020-02-01,2020-03-01,Wind onshore,17187771.0,2020,2
2020-03-01,2020-04-01,Biomasse,3513606.5,2020,3
2020-03-01,2020-04-01,Braunkohle,6151765.5,2020,3
2020-03-01,2020-04-01,Erdgas,4887004.25,2020,3
2020-03-01,2020-04-01,Kernenergie,5400916.25,2020,3
2020-03-01,2020-04-01,Photovoltaik,4119597.0,2020,3
2020-03-01,2020-04-01,Pumpspeicher,983767.5,2020,3
2020-03-01,2020-04-01,Sonstige Erneuerbare,154650.75,2020,3
2020-03-01,2020-04-01,Sonstige Konventionelle,1126405.75,2020,3
2020-03-01,2020-04-01,Steinkohle,2719805.5,2020,3
2020-03-01,2020-04-01,Wasserkraft,1281694.0,2020,3
2020-03-01,2020-04-01,Wind offshore,2627413.5,2020,3
2020-03-01,2020-04-01,Wind onshore,11514760.5,2020,3
2020-04-01,2020-05-01,Biomasse,3330503.75,2020,4
2020-04-01,2020-05-01,Braunkohle,4313587.25,2020,4
2020-04-01,2020-05-01,Erdgas,3823315.0,2020,4
2020-04-01,2020-05-01,Kernenergie,4726388.25,2020,4
2020-04-01,2020-05-01,Photovoltaik,6384310.75,2020,4
2020-04-01,2020-05-01,Pumpspeicher,1020853.0,2020,4
2020-04-01,2020-05-01,Sonstige Erneuerbare,129625.5,2020,4
2020-04-01,2020-05-01,Sonstige Konventionelle,1043896.5,2020,4
2020-04-01,2020-05-01,Steinkohle,1321970.5,2020,4
2020-04-01,2020-05-01,Wasserkraft,1136244.25,2020,4
2020-04-01,2020-05-01,Wind offshore,1832053.0,2020,4
2020-04-01,2020-05-01,Wind onshore,6971017.25,2020,4
2020-05-01,2020-06-01,Biomasse,3447324.75,2020,5
2020-05-01,2020-06-01,Braunkohle,4311633.0,2020,5
2020-05-01,2020-06-01,Erdgas,4490658.25,2020,5
2020-05-01,2020-06-01,Kernenergie,4285016.5,2020,5
2020-05-01,2020-06-01,Photovoltaik,6226952.0,2020,5
2020-05-01,2020-06-01,Pumpspeicher,959216.75,2020,5
2020-05-01,2020-06-01,Sonstige Erneuerbare,131174.5,2020,5
2020-05-01,2020-06-01,Sonstige Konventionelle,1105483.75,2020,5
2020-05-01,2020-06-01,Steinkohle,1583808.25,2020,5
2020-05-01,2020-06-01,Wasserkraft,1422533.5,2020,5
2020-05-01,2020-06-01,Wind offshore,1567378.25,2020,5
2020-05-01,2020-06-01,Wind onshore,6113286.75,2020,5
2020-06-01,2020-07-01,Biomasse,3165700.25,2020,6
2020-06-01,2020-07-01,Braunkohle,5882842.5,2020,6
2020-06-01,2020-07-01,Erdgas,5578799.75,2020,6
2020-06-01,2020-07-01,Kernenergie,4659172.25,2020,6
2020-06-01,2020-07-01,Photovoltaik,5698328.25,2020,6
2020-06-01,2020-07-01,Pumpspeicher,794026.5,2020,6
2020-06-01,2020-07-01,Sonstige Erneuerbare,103986.25,2020,6
2020-06-01,2020-07-01,Sonstige Konventionelle,776530.25,2020,6
2020-06-01,2020-07-01,Steinkohle,1441424.25,2020,6
2020-06-01,2020-07-01,Wasserkraft,1630928.75,2020,6
2020-06-01,2020-07-01,Wind offshore,1441552.0,2020,6
2020-06-01,2020-07-01,Wind onshore,4965069.5,2020,6
2020-07-01,2020-08-01,Biomasse,3246063.5,2020,7
2020-07-01,2020-08-01,Braunkohle,6366929.25,2020,7
2020-07-01,2020-08-01,Erdgas,6290186.5,2020,7
2020-07-01,2020-08-01,Kernenergie,4229939.75,2020,7
2020-07-01,2020-08-01,Photovoltaik,6246936.75,2020,7
2020-07-01,2020-08-01,Pumpspeicher,895846.75,2020,7
2020-07-01,2020-08-01,Sonstige Erneuerbare,109684.25,2020,7
2020-07-01,2020-08-01,Sonstige Konventionelle,985705.25,2020,7
2020-07-01,2020-08-01,Steinkohle,1579624.75,2020,7
2020-07-01,2020-08-01,Wasserkraft,1660735.25,2020,7
2020-07-01,2020-08-01,Wind offshore,1565520.25,2020,7
2020-07-01,2020-08-01,Wind onshore,5461704.0,2020,7
2020-08-01,2020-09-01,Biomasse,3182440.5,2020,8
2020-08-01,2020-09-01,Braunkohle,7814266.0,2020,8
2020-08-01,2020-09-01,Erdgas,5718010.5,2020,8
2020-08-01,2020-09-01,Kernenergie,5593770.0,2020,8
2020-08-01,2020-09-01,Photovoltaik,5413069.5,2020,8
2020-08-01,2020-09-01,Pumpspeicher,898421.75,2020,8
2020-08-01,2020-09-01,Sonstige Erneuerbare,99228.5,2020,8
2020-08-01,2020-09-01,Sonstige Konventionelle,1018625.75,2020,8
2020-08-01,2020-09-01,Steinkohle,2169872.25,2020,8
2020-08-01,2020-09-01,Wasserkraft,1485637.25,2020,8
2020-08-01,2020-09-01,Wind offshore,1578507.5,2020,8
2020-08-01,2020-09-01,Wind onshore,5136716.0,2020,8
2020-09-01,2020-10-01,Biomasse,3130750.0,2020,9
2020-09-01,2020-10-01,Braunkohle,7882319.75,2020,9
2020-09-01,2020-10-01,Erdgas,5403765.5,2020,9
2020-09-01,2020-10-01,Kernenergie,5295337.75,2020,9
2020-09-01,2020-10-01,Photovoltaik,4621951.25,2020,9
2020-09-01,2020-10-01,Pumpspeicher,818832.0,2020,9
2020-09-01,2020-10-01,Sonstige Erneuerbare,122388.25,2020,9
2020-09-01,2020-10-01,Sonstige Konventionelle,1032059.25,2020,9
2020-09-01,2020-10-01,Steinkohle,4071897.25,2020,9
2020-09-01,2020-10-01,Wasserkraft,1408659.25,2020,9
2020-09-01,2020-10-01,Wind offshore,1707981.5,2020,9
2020-09-01,2020-10-01,Wind onshore,4616155.0,2020,9
2020-10-01,2020-11-01,Biomasse,3352968.75,2020,10
2020-10-01,2020-11-01,Braunkohle,9243655.0,2020,10
2020-10-01,2020-11-01,Erdgas,5323656.75,2020,10
2020-10-01,2020-11-01,Kernenergie,5135208.75,2020,10
2020-10-01,2020-11-01,Photovoltaik,2143222.75,2020,10
2020-10-01,2020-11-01,Pumpspeicher,880252.5,2020,10
2020-10-01,2020-11-01,Sonstige Erneuerbare,137061.25,2020,10
2020-10-01,2020-11-01,Sonstige Konventionelle,1164712.25,2020,10
2020-10-01,2020-11-01,Steinkohle,3367480.25,2020,10
2020-10-01,2020-11-01,Wasserkraft,1408254.75,2020,10
2020-10-01,2020-11-01,Wind offshore,3092851.5,2020,10
2020-10-01,2020-11-01,Wind onshore,10799597.5,2020,10
2020-11-01,2020-12-01,Biomasse,3267976.25,2020,11
2020-11-01,2020-12-01,Braunkohle,9569487.0,2020,11
2020-11-01,2020-12-01,Erdgas,7229822.75,2020,11
2020-11-01,2020-12-01,Kernenergie,4782573.5,2020,11
2020-11-01,2020-12-01,Photovoltaik,1496017.5,2020,11
2020-11-01,2020-12-01,Pumpspeicher,854598.0,2020,11
2020-11-01,2020-12-01,Sonstige Erneuerbare,146819.0,2020,11
2020-11-01,2020-12-01,Sonstige Konventionelle,1092081.75,2020,11
2020-11-01,2020-12-01,Steinkohle,4965565.5,2020,11
2020-11-01,2020-12-01,Wasserkraft,1173208.5,2020,11
2020-11-01,2020-12-01,Wind offshore,2573274.5,2020,11
2020-11-01,2020-12-01,Wind onshore,8637458.0,2020,11
2020-12-01,2021-01-01,Biomasse,3420885.75,2020,12
2020-12-01,2021-01-01,Braunkohle,8806351.5,2020,12
2020-12-01,2021-01-01,Erdgas,7622210.25,2020,12
2020-12-01,2021-01-01,Kernenergie,5840034.75,2020,12
2020-12-01,2021-01-01,Photovoltaik,671166.0,2020,12
2020-12-01,2021-01-01,Pumpspeicher,879331.25,2020,12
2020-12-01,2021-01-01,Sonstige Erneuerbare,160327.0,2020,12
2020-12-01,2021-01-01,Sonstige Konventionelle,1162905.25,2020,12
2020-12-01,2021-01-01,Steinkohle,4714770.0,2020,12
2020-12-01,2021-01-01,Wasserkraft,1040625.75,2020,12
2020-12-01,2021-01-01,Wind offshore,2620454.5,2020,12
2020-12-01,2021-01-01,Wind onshore,9044689.25,2020,12
2021-01-01,2021-02-01,Biomasse,3390654.25,2021,1
2021-01-01,2021-02-01,Braunkohle,10260437.5,2021,1
2021-01-01,2021-02-01,Erdgas,7292294.75,2021,1
2021-01-01,2021-02-01,Kernenergie,5925379.0,2021,1
2021-01-01,2021-02-01,Photovoltaik,600445.75,2021,1
2021-01-01,2021-02-01,Pumpspeicher,797113.5,2021,1
2021-01-01,2021-02-01,Sonstige Erneuerbare,154603.0,2021,1
2021-01-01,2021-02-01,Sonstige Konventionelle,1190998.5,2021,1
2021-01-01,2021-02-01,Steinkohle,5111958.25,2021,1
2021-01-01,2021-02-01,Wasserkraft,992324.5,2021,1
2021-01-01,2021-02-01,Wind offshore,2263541.25,2021,1
2021-01-01,2021-02-01,Wind onshore,9190255.25,2021,1
2021-02-01,2021-03-01,Biomasse,2972072.25,2021,2
2021-02-01,2021-03-01,Braunkohle,7686818.75,2021,2
2021-02-01,2021-03-01,Erdgas,6358551.0,2021,2
2021-02-01,2021-03-01,Kernenergie,5343534.75,2021,2
2021-02-01,2021-03-01,Photovoltaik,1966106.5,2021,2
2021-02-01,2021-03-01,Pumpspeicher,680576.5,2021,2
2021-02-01,2021-03-01,Sonstige Erneuerbare,130328.0,2021,2
2021-02-01,2021-03-01,Sonstige Konventionelle,1019811.25,2021,2
2021-02-01,2021-03-01,Steinkohle,3350323.25,2021,2
2021-02-01,2021-03-01,Wasserkraft,1067784.75,2021,2
2021-02-01,2021-03-01,Wind offshore,2743174.5,2021,2
2021-02-01,2021-03-01,Wind onshore,8451315.0,2021,2
2021-03-01,2021-04-01,Biomasse,3321780.5,2021,3
2021-03-01,2021-04-01,Braunkohle,7844513.5,2021,3
2021-03-01,2021-04-01,Erdgas,6603361.75,2021,3
2021-03-01,2021-04-01,Kernenergie,5502068.0,2021,3
2021-03-01,2021-04-01,Photovoltaik,4084762.0,2021,3
2021-03-01,2021-04-01,Pumpspeicher,770015.25,2021,3
2021-03-01,2021-04-01,Sonstige Erneuerbare,145858.25,2021,3
2021-03-01,2021-04-01,Sonstige Konventionelle,1170678.5,2021,3
2021-03-01,2021-04-01,Steinkohle,3502914.0,2021,3
2021-03-01,2021-04-01,Wasserkraft,1096885.5,2021,3
2021-03-01,2021-04-01,Wind offshore,2356745.0,2021,3
2021-03-01,2021-04-01,Wind onshore,9052932.75,2021,3
2021-04-01,2021-05-01,Biomasse,3215143.75,2021,4
2021-04-01,2021-05-01,Braunkohle,7086525.5,2021,4
2021-04-01,2021-05-01,Erdgas,5587178.0,2021,4
2021-04-01,2021-05-01,Kernenergie,5145542.75,2021,4
2021-04-01,2021-05-01,Photovoltaik,5411394.25,2021,4
2021-04-01,2021-05-01,Pumpspeicher,656823.0,2021,4
2021-04-01,2021-05-01,Sonstige Erneuerbare,113368.5,2021,4
2021-04-01,2021-05-01,Sonstige Konventionelle,1077606.5,2021,4
2021-04-01,2021-05-01,Steinkohle,3452755.5,2021,4
2021-04-01,2021-05-01,Wasserkraft,1028506.25,2021,4
2021-04-01,2021-05-01,Wind offshore,1775864.25,2021,4
2021-04-01,2021-05-01,Wind onshore,7709987.75,2021,4
2021-05-01,2021-06-01,Biomasse,3348917.75,2021,5
2021-05-01,2021-06-01,Braunkohle,5706664.75,2021,5
2021-05-01,2021-06-01,Erdgas,3589174.5,2021,5
2021-05-01,2021-06-01,Kernenergie,5277141.25,2021,5
2021-05-01,2021-06-01,Photovoltaik,5861740.75,2021,5
2021-05-01,2021-06-01,Pumpspeicher,571920.75,2021,5
2021-05-01,2021-06-01,Sonstige Erneuerbare,109287.5,2021,5
2021-05-01,2021-06-01,Sonstige Konventionelle,1111334.5,2021,5
2021-05-01,2021-06-01,Steinkohle,2393617.25,2021,5
2021-05-01,2021-06-01,Wasserkraft,1547943.0,2021,5
2021-05-01,2021-06-01,Wind offshore,1287883.5,2021,5
2021-05-01,2021-06-01,Wind onshore,8792241.5,2021,5
2021-06-01,2021-07-01,Biomasse,2948925.5,2021,6
2021-06-01,2021-07-01,Braunkohle,8055826.0,2021,6
2021-06-01,2021-07-01,Erdgas,4697738.0,2021,6
2021-06-01,2021-07-01,Kernenergie,4945204.5,2021,6
2021-06-01,2021-07-01,Photovoltaik,7090809.5,2021,6
2021-06-01,2021-07-01,Pumpspeicher,649711.5,2021,6
2021-06-01,2021-07-01,Sonstige Erneuerbare,84571.5,2021,6
2021-06-01,2021-07-01,Sonstige Konventionelle,1042888.0,2021,6
2021-06-01,2021-07-01,Steinkohle,3163581.75,2021,6
2021-06-01,2021-07-01,Wasserkraft,1785436.0,2021,6
2021-06-01,2021-07-01,Wind offshore,1050447.75,2021,6
2021-06-01,2021-07-01,Wind onshore,3349814.25,2021,6
2021-07-01,2021-08-01,Biomasse,3074738.75,2021,7
2021-07-01,2021-08-01,Braunkohle,7429940.25,2021,7
2021-07-01,2021-08-01,Erdgas,3929686.75,2021,7
2021-07-01,2021-08-01,Kernenergie,5516786.75,2021,7
2021-07-01,2021-08-01,Photovoltaik,6208818.25,2021,7
2021-07-01,2021-08-01,Pumpspeicher,555176.5,2021,7
2021-07-01,2021-08-01,Sonstige Erneuerbare,88232.5,2021,7
2021-07-01,2021-08-01,Sonstige Konventionelle,1050985.0,2021,7
2021-07-01,2021-08-01,Steinkohle,3601010.0,2021,7
2021-07-01,2021-08-01,Wasserkraft,1719840.5,2021,7
2021-07-01,2021-08-01,Wind offshore,1257519.0,2021,7
2021-07-01,2021-08-01,Wind onshore,4686137.75,2021,7
2021-08-01,2021-09-01,Biomasse,3102114.0,2021,8
2021-08-01,2021-09-01,Braunkohle,7545135.25,2021,8
2021-08-01,2021-09-01,Erdgas,2667497.25,2021,8
2021-08-01,2021-09-01,Kernenergie,5792832.0,2021,8
2021-08-01,2021-09-01,Photovoltaik,5247086.75,2021,8
2021-08-01,2021-09-01,Pumpspeicher,612267.75,2021,8
2021-08-01,2021-09-01,Sonstige Erneuerbare,94262.75,2021,8
2021-08-01,2021-09-01,Sonstige Konventionelle,1086028.75,2021,8
2021-08-01,2021-09-01,Steinkohle,2867174.25,2021,8
2021-08-01,2021-09-01,Wasserkraft,1737281.0,2021,8
2021-08-01,2021-09-01,Wind offshore,1906611.75,2021,8
2021-08-01,2021-09-01,Wind onshore,6171110.5,2021,8
2021-09-01,2021-10-01,Biomasse,3030714.0,2021,9
2021-09-01,2021-10-01,Braunkohle,8727431.0,2021,9
2021-09-01,2021-10-01,Erdgas,3791551.5,2021,9
2021-09-01,2021-10-01,Kernenergie,5457143.0,2021,9
2021-09-01,2021-10-01,Photovoltaik,4766983.0,2021,9
2021-09-01,2021-10-01,Pumpspeicher,648898.5,2021,9
2021-09-01,2021-10-01,Sonstige Erneuerbare,93834.0,2021,9
2021-09-01,2021-10-01,Sonstige Konventionelle,961596.5,2021,9
2021-09-01,2021-10-01,Steinkohle,6440081.5,2021,9
2021-09-01,2021-10-01,Wasserkraft,1233361.0,2021,9
2021-09-01,2021-10-01,Wind offshore,1356177.25,2021,9
2021-09-01,2021-10-01,Wind onshore,4453358.5,2021,9
2021-10-01,2021-11-01,Biomasse,3230222.5,2021,10
2021-10-01,2021-11-01,Braunkohle,8951692.25,2021,10
2021-10-01,2021-11-01,Erdgas,3548072.0,2021,10
2021-10-01,2021-11-01,Kernenergie,5300847.5,2021,10
2021-10-01,2021-11-01,Photovoltaik,3189160.0,2021,10
2021-10-01,2021-11-01,Pumpspeicher,692777.5,2021,10
2021-10-01,2021-11-01,Sonstige Erneuerbare,128212.5,2021,10
2021-10-01,2021-11-01,Sonstige Konventionelle,1073711.75,2021,10
2021-10-01,2021-11-01,Steinkohle,4828411.5,2021,10
2021-10-01,2021-11-01,Wasserkraft,907810.75,2021,10
2021-10-01,2021-11-01,Wind offshore,2923248.25,2021,10
2021-10-01,2021-11-01,Wind onshore,10151375.5,2021,10
2021-11-01,2021-12-01,Biomasse,3237410.5,2021,11
2021-11-01,2021-12-01,Braunkohle,9301506.5,2021,11
2021-11-01,2021-12-01,Erdgas,6047484.5,2021,11
2021-11-01,2021-12-01,Kernenergie,5601700.5,2021,11
2021-11-01,2021-12-01,Photovoltaik,1099522.75,2021,11
2021-11-01,2021-12-01,Pumpspeicher,807549.5,2021,11
2021-11-01,2021-12-01,Sonstige Erneuerbare,143117.0,2021,11
2021-11-01,2021-12-01,Sonstige Konventionelle,1140535.75,2021,11
2021-11-01,2021-12-01,Steinkohle,7012461.5,2021,11
2021-11-01,2021-12-01,Wasserkraft,840243.25,2021,11
2021-11-01,2021-12-01,Wind offshore,2533268.75,2021,11
2021-11-01,2021-12-01,Wind onshore,7803281.75,2021,11
2021-12-01,2022-01-01,Biomasse,3362434.25,2021,12
2021-12-01,2022-01-01,Braunkohle,9605742.0,2021,12
2021-12-01,2022-01-01,Erdgas,6008048.75,2021,12
2021-12-01,2022-01-01,Kernenergie,5597806.5,2021,12
2021-12-01,2022-01-01,Photovoltaik,704116.5,2021,12
2021-12-01,2022-01-01,Pumpspeicher,821524.75,2021,12
2021-12-01,2022-01-01,Sonstige Erneuerbare,146191.5,2021,12
2021-12-01,2022-01-01,Sonstige Konventionelle,1172383.75,2021,12
2021-12-01,2022-01-01,Steinkohle,6117467.5,2021,12
2021-12-01,2022-01-01,Wasserkraft,931017.75,2021,12
2021-12-01,2022-01-01,Wind offshore,2555839.25,2021,12
2021-12-01,2022-01-01,Wind onshore,9753297.25,2021,12
2022-01-01,2022-02-01,Biomasse,3333170.75,2022,1
2022-01-01,2022-02-01,Braunkohle,8767986.25,2022,1
2022-01-01,2022-02-01,Erdgas,6652422.5,2022,1
2022-01-01,2022-02-01,Kernenergie,2906690.0,2022,1
2022-01-01,2022-02-01,Photovoltaik,932867.25,2022,1
2022-01-01,2022-02-01,Pumpspeicher,819087.75,2022,1
2022-01-01,2022-02-01,Sonstige Erneuerbare,146350.5,2022,1
2022-01-01,2022-02-01,Sonstige Konventionelle,1043180.0,2022,1
2022-01-01,2022-02-01,Steinkohle,6705602.75,2022,1
2022-01-01,2022-02-01,Wasserkraft,999362.25,2022,1
2022-01-01,2022-02-01,Wind offshore,3134229.0,2022,1
2022-01-01,2022-02-01,Wind onshore,12958027.75,2022,1
2022-02-01,2022-03-01,Biomasse,3032446.0,2022,2
2022-02-01,2022-03-01,Braunkohle,6445883.75,2022,2
2022-02-01,2022-03-01,Erdgas,4510018.75,2022,2
2022-02-01,2022-03-01,Kernenergie,2695466.0,2022,2
2022-02-01,2022-03-01,Photovoltaik,2218658.5,2022,2
2022-02-01,2022-03-01,Pumpspeicher,687026.75,2022,2
2022-02-01,2022-03-01,Sonstige Erneuerbare,124712.0,2022,2
2022-02-01,2022-03-01,Sonstige Konventionelle,979130.25,2022,2
2022-02-01,2022-03-01,Steinkohle,4815825.5,2022,2
2022-02-01,2022-03-01,Wasserkraft,742255.25,2022,2
2022-02-01,2022-03-01,Wind offshore,2984977.75,2022,2
2022-02-01,2022-03-01,Wind onshore,17678625.75,2022,2
2022-03-01,2022-04-01,Biomasse,3392792.0,2022,3
2022-03-01,2022-04-01,Braunkohle,9322134.75,2022,3
2022-03-01,2022-04-01,Erdgas,6014687.0,2022,3
2022-03-01,2022-04-01,Kernenergie,2973913.0,2022,3
2022-03-01,2022-04-01,Photovoltaik,5589014.0,2022,3
2022-03-01,2022-04-01,Pumpspeicher,770501.5,2022,3
2022-03-01,2022-04-01,Sonstige Erneuerbare,139784.25,2022,3
2022-03-01,2022-04-01,Sonstige Konventionelle,1142504.5,2022,3
2022-03-01,2022-04-01,Steinkohle,7223740.5,2022,3
2022-03-01,2022-04-01,Wasserkraft,836591.25,2022,3
2022-03-01,2022-04-01,Wind offshore,1403310.0,2022,3
2022-03-01,2022-04-01,Wind onshore,6767806.5,2022,3
2022-04-01,2022-05-01,Biomasse,3183136.25,2022,4
2022-04-01,2022-05-01,Braunkohle,8360134.0,2022,4
2022-04-01,2022-05-01,Erdgas,3991558.5,2022,4
2022-04-01,2022-05-01,Kernenergie,2865644.5,2022,4
2022-04-01,2022-05-01,Photovoltaik,5768880.25,2022,4
2022-04-01,2022-05-01,Pumpspeicher,725676.75,2022,4
2022-04-01,2022-05-01,Sonstige Erneuerbare,115795.0,2022,4
2022-04-01,2022-05-01,Sonstige Konventionelle,998013.5,2022,4
2022-04-01,2022-05-01,Steinkohle,4127135.5,2022,4
2022-04-01,2022-05-01,Wasserkraft,946574.0,2022,4
2022-04-01,2022-05-01,Wind offshore,1917507.5,2022,4
2022-04-01,2022-05-01,Wind onshore,9519700.75,2022,4
2022-05-01,2022-06-01,Biomasse,3158014.0,2022,5
2022-05-01,2022-06-01,Braunkohle,8269461.75,2022,5
2022-05-01,2022-06-01,Erdgas,2608171.0,2022,5
2022-05-01,2022-06-01,Kernenergie,2237942.75,2022,5
2022-05-01,2022-06-01,Photovoltaik,7602797.75,2022,5
2022-05-01,2022-06-01,Pumpspeicher,751087.5,2022,5
2022-05-01,2022-06-01,Sonstige Erneuerbare,89508.0,2022,5
2022-05-01,2022-06-01,Sonstige Konventionelle,920630.75,2022,5
2022-05-01,2022-06-01,Steinkohle,3248352.25,2022,5
2022-05-01,2022-06-01,Wasserkraft,1323966.0,2022,5
2022-05-01,2022-06-01,Wind offshore,1480282.0,2022,5
2022-05-01,2022-06-01,Wind onshore,6435156.5,2022,5
2022-06-01,2022-07-01,Biomasse,2971898.75,2022,6
2022-06-01,2022-07-01,Braunkohle,8996675.25,2022,6
2022-06-01,2022-07-01,Erdgas,2333553.0,2022,6
2022-06-01,2022-07-01,Kernenergie,2171814.75,2022,6
2022-06-01,2022-07-01,Photovoltaik,7988982.75,2022,6
2022-06-01,2022-07-01,Pumpspeicher,829239.25,2022,6
2022-06-01,2022-07-01,Sonstige Erneuerbare,82282.25,2022,6
2022-06-01,2022-07-01,Sonstige Konventionelle,864161.75,2022,6
2022-06-01,2022-07-01,Steinkohle,3616988.75,2022,6
2022-06-01,2022-07-01,Wasserkraft,1389632.0,2022,6
2022-06-01,2022-07-01,Wind offshore,1164180.75,2022,6
2022-06-01,2022-07-01,Wind onshore,4400445.25,2022,6
2022-07-01,2022-08-01,Biomasse,3013365.5,2022,7
2022-07-01,2022-08-01,Braunkohle,8868871.75,2022,7
2022-07-01,2022-08-01,Erdgas,4437866.0,2022,7
2022-07-01,2022-08-01,Kernenergie,2924644.5,2022,7
2022-07-01,2022-08-01,Photovoltaik,7846615.25,2022,7
2022-07-01,2022-08-01,Pumpspeicher,949070.75,2022,7
2022-07-01,2022-08-01,Sonstige Erneuerbare,84553.0,2022,7
2022-07-01,2022-08-01,Sonstige Konventionelle,902612.25,2022,7
2022-07-01,2022-08-01,Steinkohle,4324216.5,2022,7
2022-07-01,2022-08-01,Wasserkraft,1194125.0,2022,7
2022-07-01,2022-08-01,Wind offshore,1773079.25,2022,7
2022-07-01,2022-08-01,Wind onshore,5489588.25,2022,7
2022-08-01,2022-09-01,Biomasse,3014533.5,2022,8
2022-08-01,2022-09-01,Braunkohle,8915118.5,2022,8
2022-08-01,2022-09-01,Erdgas,2588600.75,2022,8
2022-08-01,2022-09-01,Kernenergie,2940986.5,2022,8
2022-08-01,2022-09-01,Photovoltaik,7228867.0,2022,8
2022-08-01,2022-09-01,Pumpspeicher,793891.75,2022,8
2022-08-01,2022-09-01,Sonstige Erneuerbare,83707.0,2022,8
2022-08-01,2022-09-01,Sonstige Konventionelle,884578.75,2022,8
2022-08-01,2022-09-01,Steinkohle,5637572.75,2022,8
2022-08-01,2022-09-01,Wasserkraft,1154056.25,2022,8
2022-08-01,2022-09-01,Wind offshore,1018192.75,2022,8
2022-08-01,2022-09-01,Wind onshore,3512435.0,2022,8
2022-09-01,2022-10-01,Biomasse,3021267.75,2022,9
2022-09-01,2022-10-01,Braunkohle,8737581.5,2022,9
2022-09-01,2022-10-01,Erdgas,2034110.75,2022,9
2022-09-01,2022-10-01,Kernenergie,2892888.5,2022,9
2022-09-01,2022-10-01,Photovoltaik,4726082.25,2022,9
2022-09-01,2022-10-01,Pumpspeicher,846252.75,2022,9
2022-09-01,2022-10-01,Sonstige Erneuerbare,84683.0,2022,9
2022-09-01,2022-10-01,Sonstige Konventionelle,885732.5,2022,9
2022-09-01,2022-10-01,Steinkohle,6126504.25,2022,9
2022-09-01,2022-10-01,Wasserkraft,1106036.5,2022,9
2022-09-01,2022-10-01,Wind offshore,1910452.25,2022,9
2022-09-01,2022-10-01,Wind onshore,6171748.75,2022,9
2022-10-01,2022-11-01,Biomasse,3197815.75,2022,10
2022-10-01,2022-11-01,Braunkohle,8701680.5,2022,10
2022-10-01,2022-11-01,Erdgas,2548262.25,2022,10
2022-10-01,2022-11-01,Kernenergie,2669763.25,2022,10
2022-10-01,2022-11-01,Photovoltaik,3512126.5,2022,10
2022-10-01,2022-11-01,Pumpspeicher,956476.75,2022,10
2022-10-01,2022-11-01,Sonstige Erneuerbare,90431.75,2022,10
2022-10-01,2022-11-01,Sonstige Konventionelle,903465.0,2022,10
2022-10-01,2022-11-01,Steinkohle,3734602.5,2022,10
2022-10-01,2022-11-01,Wasserkraft,1193369.5,2022,10
2022-10-01,2022-11-01,Wind offshore,2466036.25,2022,10
2022-10-01,2022-11-01,Wind onshore,8595915.25,2022,10
2022-11-01,2022-12-01,Biomasse,3135587.75,2022,11
2022-11-01,2022-12-01,Braunkohle,9264454.0,2022,11
2022-11-01,2022-12-01,Erdgas,3138648.75,2022,11
2022-11-01,2022-12-01,Kernenergie,2836794.75,2022,11
2022-11-01,2022-12-01,Photovoltaik,1671932.0,2022,11
2022-11-01,2022-12-01,Pumpspeicher,1001468.75,2022,11
2022-11-01,2022-12-01,Sonstige Erneuerbare,119490.0,2022,11
2022-11-01,2022-12-01,Sonstige Konventionelle,928780.75,2022,11
2022-11-01,2022-12-01,Steinkohle,6014713.25,2022,11
2022-11-01,2022-12-01,Wasserkraft,984249.75,2022,11
2022-11-01,2022-12-01,Wind offshore,2818895.75,2022,11
2022-11-01,2022-12-01,Wind onshore,10082870.25,2022,11
2022-12-01,2023-01-01,Biomasse,3284209.75,2022,12
2022-12-01,2023-01-01,Braunkohle,8875605.0,2022,12
2022-12-01,2023-01-01,Erdgas,4920364.75,2022,12
2022-12-01,2023-01-01,Kernenergie,2707921.0,2022,12
2022-12-01,2023-01-01,Photovoltaik,640601.5,2022,12
2022-12-01,2023-01-01,Pumpspeicher,1024043.25,2022,12
2022-12-01,2023-01-01,Sonstige Erneuerbare,129396.0,2022,12
2022-12-01,2023-01-01,Sonstige Konventionelle,1062757.0,2022,12
2022-12-01,2023-01-01,Steinkohle,7314615.25,2022,12
2022-12-01,2023-01-01,Wasserkraft,934232.25,2022,12
2022-12-01,2023-01-01,Wind offshore,2676697.75,2022,12
2022-12-01,2023-01-01,Wind onshore,9372948.5,2022,12
2023-01-01,2023-02-01,Biomasse,3366888.25,2023,1
2023-01-01,2023-02-01,Braunkohle,8019967.5,2023,1
2023-01-01,2023-02-01,Erdgas,3889810.75,2023,1
2023-01-01,2023-02-01,Kernenergie,1730648.0,2023,1
2023-01-01,2023-02-01,Photovoltaik,824251.5,2023,1
2023-01-01,2023-02-01,Pumpspeicher,970106.5,2023,1
2023-01-01,2023-02-01,Sonstige Erneuerbare,107191.0,2023,1
2023-01-01,2023-02-01,Sonstige Konventionelle,1328746.5,2023,1
2023-01-01,2023-02-01,Steinkohle,5911769.0,2023,1
2023-01-01,2023-02-01,Wasserkraft,1039921.5,2023,1
2023-01-01,2023-02-01,Wind offshore,2730538.0,2023,1
2023-01-01,2023-02-01,Wind onshore,14643045.25,2023,1
2023-02-01,2023-03-01,Biomasse,3071768.5,2023,2
2023-02-01,2023-03-01,Braunkohle,8014189.5,2023,2
2023-02-01,2023-03-01,Erdgas,5335353.0,2023,2
2023-02-01,2023-03-01,Kernenergie,1903875.25,2023,2
2023-02-01,2023-03-01,Photovoltaik,2309490.25,2023,2
2023-02-01,2023-03-01,Pumpspeicher,673926.75,2023,2
2023-02-01,2023-03-01,Sonstige Erneuerbare,108608.0,2023,2
2023-02-01,2023-03-01,Sonstige Konventionelle,1283456.5,2023,2
2023-02-01,2023-03-01,Steinkohle,6022309.25,2023,2
2023-02-01,2023-03-01,Wasserkraft,822648.0,2023,2
2023-02-01,2023-03-01,Wind offshore,1639371.0,2023,2
2023-02-01,2023-03-01,Wind onshore,10406607.5,2023,2
2023-03-01,2023-04-01,Biomasse,3352666.0,2023,3
2023-03-01,2023-04-01,Braunkohle,7244520.5,2023,3
2023-03-01,2023-04-01,Erdgas,4866427.0,2023,3
2023-03-01,2023-04-01,Kernenergie,2138099.75,2023,3
2023-03-01,2023-04-01,Photovoltaik,3735177.75,2023,3
2023-03-01,2023-04-01,Pumpspeicher,967265.5,2023,3
2023-03-01,2023-04-01,Sonstige Erneuerbare,122594.5,2023,3
2023-03-01,2023-04-01,Sonstige Konventionelle,1456685.5,2023,3
2023-03-01,2023-04-01,Steinkohle,4151686.0,2023,3
2023-03-01,2023-04-01,Wasserkraft,984225.25,2023,3
2023-03-01,2023-04-01,Wind offshore,2434298.5,2023,3
2023-03-01,2023-04-01,Wind onshore,12079635.75,2023,3
2023-04-01,2023-05-01,Biomasse,3174927.0,2023,4
2023-04-01,2023-05-01,Braunkohle,6724242.0,2023,4
2023-04-01,2023-05-01,Erdgas,3561931.25,2023,4
2023-04-01,2023-05-01,Kernenergie,968116.25,2023,4
2023-04-01,2023-05-01,Photovoltaik,5522118.25,2023,4
2023-04-01,2023-05-01,Pumpspeicher,939114.75,2023,4
2023-04-01,2023-05-01,Sonstige Erneuerbare,107037.5,2023,4
2023-04-01,2023-05-01,Sonstige Konventionelle,1301409.0,2023,4
2023-04-01,2023-05-01,Steinkohle,2901041.25,2023,4
2023-04-01,2023-05-01,Wasserkraft,1055997.5,2023,4
2023-04-01,2023-05-01,Wind offshore,1734890.75,2023,4
2023-04-01,2023-05-01,Wind onshore,8346806.25,2023,4
2023-05-01,2023-06-01,Biomasse,3172380.25,2023,5
2023-05-01,2023-06-01,Braunkohle,5255880.75,2023,5
2023-05-01,2023-06-01,Erdgas,3484666.25,2023,5
2023-05-01,2023-06-01,Kernenergie,0.0,2023,5
2023-05-01,2023-06-01,Photovoltaik,8019121.75,2023,5
2023-05-01,2023-06-01,Pumpspeicher,927695.25,2023,5
2023-05-01,2023-06-01,Sonstige Erneuerbare,96051.75,2023,5
2023-05-01,2023-06-01,Sonstige Konventionelle,1333765.5,2023,5
2023-05-01,2023-06-01,Steinkohle,1608487.0,2023,5
2023-05-01,2023-06-01,Wasserkraft,1578014.25,2023,5
2023-05-01,2023-06-01,Wind offshore,1580524.75,2023,5
2023-05-01,2023-06-01,Wind onshore,6741772.75,2023,5
2023-06-01,2023-07-01,Biomasse,2930674.25,2023,6
2023-06-01,2023-07-01,Braunkohle,5537486.5,2023,6
2023-06-01,2023-07-01,Erdgas,4115802.75,2023,6
2023-06-01,2023-07-01,Kernenergie,0.0,2023,6
2023-06-01,2023-07-01,Photovoltaik,8904774.5,2023,6
2023-06-01,2023-07-01,Pumpspeicher,755777.0,2023,6
2023-06-01,2023-07-01,Sonstige Erneuerbare,76534.25,2023,6
2023-06-01,2023-07-01,Sonstige Konventionelle,1144208.5,2023,6
2023-06-01,2023-07-01,Steinkohle,1664665.25,2023,6
2023-06-01,2023-07-01,Wasserkraft,1515030.75,2023,6
2023-06-01,2023-07-01,Wind offshore,1190448.0,2023,6
2023-06-01,2023-07-01,Wind onshore,4851659.5,2023,6
2023-07-01,2023-08-01,Biomasse,2972075.25,2023,7
2023-07-01,2023-08-01,Braunkohle,4591588.5,2023,7
2023-07-01,2023-08-01,Erdgas,3737676.75,2023,7
2023-07-01,2023-08-01,Kernenergie,0.0,2023,7
2023-07-01,2023-08-01,Photovoltaik,7693868.5,2023,7
2023-07-01,2023-08-01,Pumpspeicher,691008.75,2023,7
2023-07-01,2023-08-01,Sonstige Erneuerbare,76693.75,2023,7
2023-07-01,2023-08-01,Sonstige Konventionelle,1395953.75,2023,7
2023-07-01,2023-08-01,Steinkohle,1535638.0,2023,7
2023-07-01,2023-08-01,Wasserkraft,1456619.0,2023,7
2023-07-01,2023-08-01,Wind offshore,1794391.5,2023,7
2023-07-01,2023-08-01,Wind onshore,8358710.5,2023,7
2023-08-01,2023-09-01,Biomasse,3026313.25,2023,8
2023-08-01,2023-09-01,Braunkohle,5389195.75,2023,8
2023-08-01,2023-09-01,Erdgas,4016100.5,2023,8
2023-08-01,2023-09-01,Kernenergie,0.0,2023,8
2023-08-01,2023-09-01,Photovoltaik,6537509.25,2023,8
2023-08-01,2023-09-01,Pumpspeicher,829334.5,2023,8
2023-08-01,2023-09-01,Sonstige Erneuerbare,82092.0,2023,8
2023-08-01,2023-09-01,Sonstige Konventionelle,1366379.75,2023,8
2023-08-01,2023-09-01,Steinkohle,2282123.25,2023,8
2023-08-01,2023-09-01,Wasserkraft,1507786.75,2023,8
2023-08-01,2023-09-01,Wind offshore,1192894.0,2023,8
2023-08-01,2023-09-01,Wind onshore,5752548.25,2023,8
2023-09-01,2023-10-01,Biomasse,2896349.5,2023,9
2023-09-01,2023-10-01,Braunkohle,6380647.75,2023,9
2023-09-01,2023-10-01,Erdgas,3587106.75,2023,9
2023-09-01,2023-10-01,Kernenergie,0.0,2023,9
2023-09-01,2023-10-01,Photovoltaik,6558575.0,2023,9
2023-09-01,2023-10-01,Pumpspeicher,826190.0,2023,9
2023-09-01,2023-10-01,Sonstige Erneuerbare,89687.5,2023,9
2023-09-01,2023-10-01,Sonstige Konventionelle,1458108.25,2023,9
2023-09-01,2023-10-01,Steinkohle,2559617.5,2023,9
2023-09-01,2023-10-01,Wasserkraft,1331288.0,2023,9
2023-09-01,2023-10-01,Wind offshore,1335142.5,2023,9
2023-09-01,2023-10-01,Wind onshore,5315447.5,2023,9
2023-10-01,2023-11-01,Biomasse,3076700.75,2023,10
2023-10-01,2023-11-01,Braunkohle,6617187.0,2023,10
2023-10-01,2023-11-01,Erdgas,3879790.75,2023,10
2023-10-01,2023-11-01,Kernenergie,0.0,2023,10
2023-10-01,2023-11-01,Photovoltaik,3310175.75,2023,10
2023-10-01,2023-11-01,Pumpspeicher,904607.0,2023,10
2023-10-01,2023-11-01,Sonstige Erneuerbare,104358.0,2023,10
2023-10-01,2023-11-01,Sonstige Konventionelle,1465643.0,2023,10
2023-10-01,2023-11-01,Steinkohle,3220046.25,2023,10
2023-10-01,2023-11-01,Wasserkraft,1031028.75,2023,10
2023-10-01,2023-11-01,Wind offshore,2577212.75,2023,10
2023-10-01,2023-11-01,Wind onshore,11832075.0,2023,10
2023-11-01,2023-12-01,Biomasse,3088185.75,2023,11
2023-11-01,2023-12-01,Braunkohle,7164197.0,2023,11
2023-11-01,2023-12-01,Erdgas,5090586.0,2023,11
2023-11-01,2023-12-01,Kernenergie,0.0,2023,11
2023-11-01,2023-12-01,Photovoltaik,1367921.75,2023,11
2023-11-01,2023-12-01,Pumpspeicher,852006.25,2023,11
2023-11-01,2023-12-01,Sonstige Erneuerbare,115398.75,2023,11
2023-11-01,2023-12-01,Sonstige Konventionelle,1389172.5,2023,11
2023-11-01,2023-12-01,Steinkohle,3958817.25,2023,11
2023-11-01,2023-12-01,Wasserkraft,1351629.0,2023,11
2023-11-01,2023-12-01,Wind offshore,2319520.25,2023,11
2023-11-01,2023-12-01,Wind onshore,14411570.5,2023,11
2023-12-01,2024-01-01,Biomasse,3166389.25,2023,12
2023-12-01,2024-01-01,Braunkohle,6904953.5,2023,12
2023-12-01,2024-01-01,Erdgas,5524589.25,2023,12
2023-12-01,2024-01-01,Kernenergie,0.0,2023,12
2023-12-01,2024-01-01,Photovoltaik,761045.0,2023,12
2023-12-01,2024-01-01,Pumpspeicher,838946.0,2023,12
2023-12-01,2024-01-01,Sonstige Erneuerbare,118933.75,2023,12
2023-12-01,2024-01-01,Sonstige Konventionelle,1434812.0,2023,12
2023-12-01,2024-01-01,Steinkohle,3933812.75,2023,12
2023-12-01,2024-01-01,Wasserkraft,1345611.5,2023,12
2023-12-01,2024-01-01,Wind offshore,2990697.5,2023,12
2023-12-01,2024-01-01,Wind onshore,16267234.75,2023,12
2024-01-01,2024-02-01,Biomasse,3178686.0,2024,1
2024-01-01,2024-02-01,Braunkohle,6819909.25,2024,1
2024-01-01,2024-02-01,Erdgas,7171706.5,2024,1
2024-01-01,2024-02-01,Kernenergie,0.0,2024,1
2024-01-01,2024-02-01,Photovoltaik,1433804.0,2024,1
2024-01-01,2024-02-01,Pumpspeicher,797579.5,2024,1
2024-01-01,2024-02-01,Sonstige Erneuerbare,121548.0,2024,1
2024-01-01,2024-02-01,Sonstige Konventionelle,1356743.0,2024,1
2024-01-01,2024-02-01,Steinkohle,4036643.0,2024,1
2024-01-01,2024-02-01,Wasserkraft,1527869.75,2024,1
2024-01-01,2024-02-01,Wind offshore,3036663.75,2024,1
2024-01-01,2024-02-01,Wind onshore,15538623.0,2024,1
2024-02-01,2024-03-01,Biomasse,3025250.75,2024,2
2024-02-01,2024-03-01,Braunkohle,6010242.5,2024,2
2024-02-01,2024-03-01,Erdgas,5287330.75,2024,2
2024-02-01,2024-03-01,Kernenergie,0.0,2024,2
2024-02-01,2024-03-01,Photovoltaik,2236905.75,2024,2
2024-02-01,2024-03-01,Pumpspeicher,770379.5,2024,2
2024-02-01,2024-03-01,Sonstige Erneuerbare,100751.5,2024,2
2024-02-01,2024-03-01,Sonstige Konventionelle,1340098.5,2024,2
2024-02-01,2024-03-01,Steinkohle,2607946.25,2024,2
2024-02-01,2024-03-01,Wasserkraft,1363737.75,2024,2
2024-02-01,2024-03-01,Wind offshore,2780407.5,2024,2
2024-02-01,2024-03-01,Wind onshore,14088422.75,2024,2
2024-03-01,2024-04-01,Biomasse,3270618.5,2024,3
2024-03-01,2024-04-01,Braunkohle,6461017.75,2024,3
2024-03-01,2024-04-01,Erdgas,5301249.25,2024,3
2024-03-01,2024-04-01,Kernenergie,0.0,2024,3
2024-03-01,2024-04-01,Photovoltaik,4876757.25,2024,3
2024-03-01,2024-04-01,Pumpspeicher,818488.75,2024,3
2024-03-01,2024-04-01,Sonstige Erneuerbare,85718.5,2024,3
2024-03-01,2024-04-01,Sonstige Konventionelle,1402417.0,2024,3
2024-03-01,2024-04-01,Steinkohle,2423432.25,2024,3
2024-03-01,2024-04-01,Wasserkraft,1394855.75,2024,3
2024-03-01,2024-04-01,Wind offshore,2736839.0,2024,3
2024-03-01,2024-04-01,Wind onshore,9347789.0,2024,3
2024-04-01,2024-05-01,Biomasse,3028276.25,2024,4
2024-04-01,2024-05-01,Braunkohle,4303987.5,2024,4
2024-04-01,2024-05-01,Erdgas,4319790.5,2024,4
2024-04-01,2024-05-01,Kernenergie,0.0,2024,4
2024-04-01,2024-05-01,Photovoltaik,6624391.25,2024,4
2024-04-01,2024-05-01,Pumpspeicher,903802.75,2024,4
2024-04-01,2024-05-01,Sonstige Erneuerbare,77726.75,2024,4
2024-04-01,2024-05-01,Sonstige Konventionelle,1284024.75,2024,4
2024-04-01,2024-05-01,Steinkohle,1642419.25,2024,4
2024-04-01,2024-05-01,Wasserkraft,1402538.0,2024,4
2024-04-01,2024-05-01,Wind offshore,2186038.25,2024,4
2024-04-01,2024-05-01,Wind onshore,9674383.75,2024,4
2024-05-01,2024-06-01,Biomasse,3027532.5,2024,5
2024-05-01,2024-06-01,Braunkohle,4716631.75,2024,5
2024-05-01,2024-06-01,Erdgas,3873127.25,2024,5
2024-05-01,2024-06-01,Kernenergie,0.0,2024,5
2024-05-01,2024-06-01,Photovoltaik,8603730.25,2024,5
2024-05-01,2024-06-01,Pumpspeicher,904486.25,2024,5
2024-05-01,2024-06-01,Sonstige Erneuerbare,82885.25,2024,5
2024-05-01,2024-06-01,Sonstige Konventionelle,1325669.25,2024,5
2024-05-01,2024-06-01,Steinkohle,1088283.25,2024,5
2024-05-01,2024-06-01,Wasserkraft,1683963.75,2024,5
2024-05-01,2024-06-01,Wind offshore,1528316.0,2024,5
2024-05-01,2024-06-01,Wind onshore,6248813.75,2024,5
2024-06-01,2024-07-01,Biomasse,2861024.25,2024,6
2024-06-01,2024-07-01,Braunkohle,5290899.0,2024,6
2024-06-01,2024-07-01,Erdgas,3493624.0,2024,6
2024-06-01,2024-07-01,Kernenergie,0.0,2024,6
2024-06-01,2024-07-01,Photovoltaik,8835624.5,2024,6
2024-06-01,2024-07-01,Pumpspeicher,951746.0,2024,6
2024-06-01,2024-07-01,Sonstige Erneuerbare,69856.0,2024,6
2024-06-01,2024-07-01,Sonstige Konventionelle,1153422.25,2024,6
2024-06-01,2024-07-01,Steinkohle,1072616.5,2024,6
2024-06-01,2024-07-01,Wasserkraft,1653953.0,2024,6
2024-06-01,2024-07-01,Wind offshore,1552964.75,2024,6
2024-06-01,2024-07-01,Wind onshore,5670932.75,2024,6
2024-07-01,2024-08-01,Biomasse,2878042.0,2024,7
2024-07-01,2024-08-01,Braunkohle,5471088.0,2024,7
2024-07-01,2024-08-01,Erdgas,3253777.5,2024,7
2024-07-01,2024-08-01,Kernenergie,0.0,2024,7
2024-07-01,2024-08-01,Photovoltaik,9306817.75,2024,7
2024-07-01,2024-08-01,Pumpspeicher,1070466.75,2024,7
2024-07-01,2024-08-01,Sonstige Erneuerbare,80859.0,2024,7
2024-07-01,2024-08-01,Sonstige Konventionelle,1424860.5,2024,7
2024-07-01,2024-08-01,Steinkohle,1050448.0,2024,7
2024-07-01,2024-08-01,Wasserkraft,1795411.75,2024,7
2024-07-01,2024-08-01,Wind offshore,1636014.25,2024,7
2024-07-01,2024-08-01,Wind onshore,5528038.25,2024,7
2024-08-01,2024-09-01,Biomasse,2817887.25,2024,8
2024-08-01,2024-09-01,Braunkohle,5365300.25,2024,8
2024-08-01,2024-09-01,Erdgas,3430310.25,2024,8
2024-08-01,2024-09-01,Kernenergie,0.0,2024,8
2024-08-01,2024-09-01,Photovoltaik,8941062.25,2024,8
2024-08-01,2024-09-01,Pumpspeicher,994638.0,2024,8
2024-08-01,2024-09-01,Sonstige Erneuerbare,81602.75,2024,8
2024-08-01,2024-09-01,Sonstige Konventionelle,1371920.75,2024,8
2024-08-01,2024-09-01,Steinkohle,1696165.5,2024,8
2024-08-01,2024-09-01,Wasserkraft,1456816.25,2024,8
2024-08-01,2024-09-01,Wind offshore,1426232.0,2024,8
2024-08-01,2024-09-01,Wind onshore,5184448.5,2024,8
2024-09-01,2024-10-01,Biomasse,2747048.0,2024,9
2024-09-01,2024-10-01,Braunkohle,5177279.75,2024,9
2024-09-01,2024-10-01,Erdgas,3207378.75,2024,9
2024-09-01,2024-10-01,Kernenergie,0.0,2024,9
2024-09-01,2024-10-01,Photovoltaik,6161317.5,2024,9
2024-09-01,2024-10-01,Pumpspeicher,837670.5,2024,9
2024-09-01,2024-10-01,Sonstige Erneuerbare,76891.5,2024,9
2024-09-01,2024-10-01,Sonstige Konventionelle,1292639.5,2024,9
2024-09-01,2024-10-01,Steinkohle,2185951.25,2024,9
2024-09-01,2024-10-01,Wasserkraft,1357653.75,2024,9
2024-09-01,2024-10-01,Wind offshore,1822075.0,2024,9
2024-09-01,2024-10-01,Wind onshore,8943181.25,2024,9
2024-10-01,2024-11-01,Biomasse,3041499.25,2024,10
2024-10-01,2024-11-01,Braunkohle,7134012.25,2024,10
2024-10-01,2024-11-01,Erdgas,3852887.75,2024,10
2024-10-01,2024-11-01,Kernenergie,0.0,2024,10
2024-10-01,2024-11-01,Photovoltaik,3561570.5,2024,10
2024-10-01,2024-11-01,Pumpspeicher,834093.75,2024,10
2024-10-01,2024-11-01,Sonstige Erneuerbare,88776.5,2024,10
2024-10-01,2024-11-01,Sonstige Konventionelle,1302478.5,2024,10
2024-10-01,2024-11-01,Steinkohle,2750257.75,2024,10
2024-10-01,2024-11-01,Wasserkraft,1564444.75,2024,10
2024-10-01,2024-11-01,Wind offshore,2261530.25,2024,10
2024-10-01,2024-11-01,Wind onshore,8368162.75,2024,10
2024-11-01,2024-12-01,Biomasse,3102041.5,2024,11
2024-11-01,2024-12-01,Braunkohle,7657978.5,2024,11
2024-11-01,2024-12-01,Erdgas,7062067.25,2024,11
2024-11-01,2024-12-01,Kernenergie,0.0,2024,11
2024-11-01,2024-12-01,Photovoltaik,1529686.25,2024,11
2024-11-01,2024-12-01,Pumpspeicher,717187.0,2024,11
2024-11-01,2024-12-01,Sonstige Erneuerbare,91081.25,2024,11
2024-11-01,2024-12-01,Sonstige Konventionelle,1244702.75,2024,11
2024-11-01,2024-12-01,Steinkohle,3685594.0,2024,11
2024-11-01,2024-12-01,Wasserkraft,1118226.5,2024,11
2024-11-01,2024-12-01,Wind offshore,2233532.75,2024,11
2024-11-01,2024-12-01,Wind onshore,10259467.0,2024,11
2024-12-01,2025-01-01,Biomasse,3219102.0,2024,12
2024-12-01,2025-01-01,Braunkohle,6578007.75,2024,12
2024-12-01,2025-01-01,Erdgas,6663231.5,2024,12
2024-12-01,2025-01-01,Kernenergie,0.0,2024,12
2024-12-01,2025-01-01,Photovoltaik,1036765.75,2024,12
2024-12-01,2025-01-01,Pumpspeicher,790154.0,2024,12
2024-12-01,2025-01-01,Sonstige Erneuerbare,101042.25,2024,12
2024-12-01,2025-01-01,Sonstige Konventionelle,1341659.75,2024,12
2024-12-01,2025-01-01,Steinkohle,3096561.75,2024,12
2024-12-01,2025-01-01,Wasserkraft,1232445.0,2024,12
2024-12-01,2025-01-01,Wind offshore,2466866.25,2024,12
2024-12-01,2025-01-01,Wind onshore,13708154.25,2024,12
2025-01-01,2025-02-01,Biomasse,3215965.0,2025,1
2025-01-01,2025-02-01,Braunkohle,6826962.0,2025,1
2025-01-01,2025-02-01,Erdgas,7924274.25,2025,1
2025-01-01,2025-02-01,Kernenergie,0.0,2025,1
2025-01-01,2025-02-01,Photovoltaik,1627464.75,2025,1
2025-01-01,2025-02-01,Pumpspeicher,853112.25,2025,1
2025-01-01,2025-02-01,Sonstige Erneuerbare,96204.89,2025,1
2025-01-01,2025-02-01,Sonstige Konventionelle,1233616.75,2025,1
2025-01-01,2025-02-01,Steinkohle,3611040.75,2025,1
2025-01-01,2025-02-01,Wasserkraft,1301460.25,2025,1
2025-01-01,2025-02-01,Wind offshore,2539817.75,2025,1
2025-01-01,2025-02-01,Wind onshore,13201131.5,2025,1
2025-02-01,2025-03-01,Biomasse,2982355.25,2025,2
2025-02-01,2025-03-01,Braunkohle,7092101.0,2025,2
2025-02-01,2025-03-01,Erdgas,7702449.0,2025,2
2025-02-01,2025-03-01,Kernenergie,0.0,2025,2
2025-02-01,2025-03-01,Photovoltaik,3018648.0,2025,2
2025-02-01,2025-03-01,Pumpspeicher,744985.75,2025,2
2025-02-01,2025-03-01,Sonstige Erneuerbare,84728.25,2025,2
2025-02-01,2025-03-01,Sonstige Konventionelle,1157822.5,2025,2
2025-02-01,2025-03-01,Steinkohle,4236837.75,2025,2
2025-02-01,2025-03-01,Wasserkraft,1093729.0,2025,2
2025-02-01,2025-03-01,Wind offshore,2260150.5,2025,2
2025-02-01,2025-03-01,Wind onshore,7227404.0,2025,2
2025-03-01,2025-04-01,Biomasse,3129644.89,2025,3
2025-03-01,2025-04-01,Braunkohle,7277676.75,2025,3
2025-03-01,2025-04-01,Erdgas,5649854.75,2025,3
2025-03-01,2025-04-01,Kernenergie,0.0,2025,3
2025-03-01,2025-04-01,Photovoltaik,6906310.4,2025,3
2025-03-01,2025-04-01,Pumpspeicher,903139.0,2025,3
2025-03-01,2025-04-01,Sonstige Erneuerbare,87653.72,2025,3
2025-03-01,2025-04-01,Sonstige Konventionelle,1223664.75,2025,3
2025-03-01,2025-04-01,Steinkohle,3184093.5,2025,3
2025-03-01,2025-04-01,Wasserkraft,965179.75,2025,3
2025-03-01,2025-04-01,Wind offshore,1889088.0,2025,3
2025-03-01,2025-04-01,Wind onshore,6491692.25,2025,3
2025-04-01,2025-05-01,Biomasse,2974209.25,2025,4
2025-04-01,2025-05-01,Braunkohle,5340820.5,2025,4
2025-04-01,2025-05-01,Erdgas,3692677.25,2025,4
2025-04-01,2025-05-01,Kernenergie,0.0,2025,4
2025-04-01,2025-05-01,Photovoltaik,8951024.5,2025,4
2025-04-01,2025-05-01,Pumpspeicher,954915.25,2025,4
2025-04-01,2025-05-01,Sonstige Erneuerbare,81003.25,2025,4
2025-04-01,2025-05-01,Sonstige Konventionelle,1169981.0,2025,4
2025-04-01,2025-05-01,Steinkohle,2398520.0,2025,4
2025-04-01,2025-05-01,Wasserkraft,1003416.25,2025,4
2025-04-01,2025-05-01,Wind offshore,1080769.75,2025,4
2025-04-01,2025-05-01,Wind onshore,5843161.25,2025,4
2025-05-01,2025-06-01,Biomasse,2926019.0,2025,5
2025-05-01,2025-06-01,Braunkohle,4105918.5,2025,5
2025-05-01,2025-06-01,Erdgas,3130741.75,2025,5
2025-05-01,2025-06-01,Kernenergie,0.0,2025,5
2025-05-01,2025-06-01,Photovoltaik,10217138.5,2025,5
2025-05-01,2025-06-01,Pumpspeicher,984972.0,2025,5
2025-05-01,2025-06-01,Sonstige Erneuerbare,75802.0,2025,5
2025-05-01,2025-06-01,Sonstige Konventionelle,1182706.25,2025,5
2025-05-01,2025-06-01,Steinkohle,985455.25,2025,5
2025-05-01,2025-06-01,Wasserkraft,1175772.25,2025,5
2025-05-01,2025-06-01,Wind offshore,1861451.25,2025,5
2025-05-01,2025-06-01,Wind onshore,7858113.25,2025,5
2025-06-01,2025-07-01,Biomasse,2819445.0,2025,6
2025-06-01,2025-07-01,Braunkohle,3635517.75,2025,6
2025-06-01,2025-07-01,Erdgas,2394517.25,2025,6
2025-06-01,2025-07-01,Kernenergie,0.0,2025,6
2025-06-01,2025-07-01,Photovoltaik,10536110.75,2025,6
2025-06-01,2025-07-01,Pumpspeicher,916778.25,2025,6
2025-06-01,2025-07-01,Sonstige Erneuerbare,65539.75,2025,6
2025-06-01,2025-07-01,Sonstige Konventionelle,1064827.75,2025,6
2025-06-01,2025-07-01,Steinkohle,1201003.75,2025,6
2025-06-01,2025-07-01,Wasserkraft,1343208.75,2025,6
2025-06-01,2025-07-01,Wind offshore,1848906.25,2025,6
2025-06-01,2025-07-01,Wind onshore,8676526.75,2025,6
2025-07-01,2025-08-01,Biomasse,2882519.84,2025,7
2025-07-01,2025-08-01,Braunkohle,5754061.25,2025,7
2025-07-01,2025-08-01,Erdgas,2927114.0,2025,7
2025-07-01,2025-08-01,Kernenergie,0.0,2025,7
2025-07-01,2025-08-01,Photovoltaik,9056373.02,2025,7
2025-07-01,2025-08-01,Pumpspeicher,808930.25,2025,7
2025-07-01,2025-08-01,Sonstige Erneuerbare,66518.95,2025,7
2025-07-01,2025-08-01,Sonstige Konventionelle,1077294.0,2025,7
2025-07-01,2025-08-01,Steinkohle,1909475.25,2025,7
2025-07-01,2025-08-01,Wasserkraft,1405119.49,2025,7
2025-07-01,2025-08-01,Wind offshore,1561247.83,2025,7
2025-07-01,2025-08-01,Wind onshore,6167800.71,2025,7
2025-08-01,2025-09-01,Biomasse,2852499.35,2025,8
2025-08-01,2025-09-01,Braunkohle,4518747.75,2025,8
2025-08-01,2025-09-01,Erdgas,3015974.75,2025,8
2025-08-01,2025-09-01,Kernenergie,0.0,2025,8
2025-08-01,2025-09-01,Photovoltaik,9672278.48,2025,8
2025-08-01,2025-09-01,Pumpspeicher,843045.25,2025,8
2025-08-01,2025-09-01,Sonstige Erneuerbare,73973.16,2025,8
2025-08-01,2025-09-01,Sonstige Konventionelle,1075939.5,2025,8
2025-08-01,2025-09-01,Steinkohle,1301445.0,2025,8
2025-08-01,2025-09-01,Wasserkraft,1463011.45,2025,8
2025-08-01,2025-09-01,Wind offshore,1699077.95,2025,8
2025-08-01,2025-09-01,Wind onshore,5459159.51,2025,8
2025-09-01,2025-10-01,Biomasse,2794210.42,2025,9
2025-09-01,2025-10-01,Braunkohle,4925688.75,2025,9
2025-09-01,2025-10-01,Erdgas,3790773.75,2025,9
2025-09-01,2025-10-01,Kernenergie,0.0,2025,9
2025-09-01,2025-10-01,Photovoltaik,6435895.39,2025,9
2025-09-01,2025-10-01,Pumpspeicher,733651.25,2025,9
2025-09-01,2025-10-01,Sonstige Erneuerbare,72157.99,2025,9
2025-09-01,2025-10-01,Sonstige Konventionelle,1014139.0,2025,9
2025-09-01,2025-10-01,Steinkohle,1397569.0,2025,9
2025-09-01,2025-10-01,Wasserkraft,1208876.63,2025,9
2025-09-01,2025-10-01,Wind offshore,2410541.28,2025,9
2025-09-01,2025-10-01,Wind onshore,9721142.41,2025,9
2025-10-01,2025-11-01,Biomasse,3034056.45,2025,10
2025-10-01,2025-11-01,Braunkohle,5648721.13,2025,10
2025-10-01,2025-11-01,Erdgas,5275413.52,2025,10
2025-10-01,2025-11-01,Kernenergie,0.0,2025,10
2025-10-01,2025-11-01,Photovoltaik,3642622.45,2025,10
2025-10-01,2025-11-01,Pumpspeicher,756737.01,2025,10
2025-10-01,2025-11-01,Sonstige Erneuerbare,79788.3,2025,10
2025-10-01,2025-11-01,Sonstige Konventionelle,1394098.94,2025,10
2025-10-01,2025-11-01,Steinkohle,2166156.53,2025,10
2025-10-01,2025-11-01,Wasserkraft,1116769.65,2025,10
2025-10-01,2025-11-01,Wind offshore,2901834.16,2025,10
2025-10-01,2025-11-01,Wind onshore,13695534.4,2025,10
2025-11-01,2025-12-01,Biomasse,3069622.61,2025,11
2025-11-01,2025-12-01,Braunkohle,6595504.11,2025,11
2025-11-01,2025-12-01,Erdgas,7519788.06,2025,11
2025-11-01,2025-12-01,Kernenergie,0.0,2025,11
2025-11-01,2025-12-01,Photovoltaik,2210900.1,2025,11
2025-11-01,2025-12-01,Pumpspeicher,673562.25,2025,11
2025-11-01,2025-12-01,Sonstige Erneuerbare,81528.93,2025,11
2025-11-01,2025-12-01,Sonstige Konventionelle,1350662.8,2025,11
2025-11-01,2025-12-01,Steinkohle,3165924.61,2025,11
2025-11-01,2025-12-01,Wasserkraft,1084135.1,2025,11
2025-11-01,2025-12-01,Wind offshore,2716300.26,2025,11
2025-11-01,2025-12-01,Wind onshore,9952192.85,2025,11
2025-12-01,2026-01-01,Biomasse,3193590.01,2025,12
2025-12-01,2026-01-01,Braunkohle,5444634.18,2025,12
2025-12-01,2026-01-01,Erdgas,7523775.97,2025,12
2025-12-01,2026-01-01,Kernenergie,0.0,2025,12
2025-12-01,2026-01-01,Photovoltaik,1509063.85,2025,12
2025-12-01,2026-01-01,Pumpspeicher,719716.35,2025,12
2025-12-01,2026-01-01,Sonstige Erneuerbare,88217.82,2025,12
2025-12-01,2026-01-01,Sonstige Konventionelle,1429378.01,2025,12
2025-12-01,2026-01-01,Steinkohle,2599886.52,2025,12
2025-12-01,2026-01-01,Wasserkraft,1022205.69,2025,12
2025-12-01,2026-01-01,Wind offshore,3425383.69,2025,12
2025-12-01,2026-01-01,Wind onshore,12474033.51,2025,12
